time,event,detail,value,player_hp,enemies_hp
0.7,玩家命中,1; 削盾0.00,50.0,2400.0,hound:1800.00;nurse:1450.00
0.7,证据入账,1; direct; base=1; relic_bonus=1; overflow=0,2,2400.0,hound:1800.00;nurse:1450.00
0.8,敌方/环境命中,幻影280.00; 护盾0.00,120.0,2280.0,hound:1800.00;nurse:1450.00
0.8,证据入账,0; passive_enemy_hit; base=1; relic_bonus=1; overflow=0,2,2280.0,hound:1800.00;nurse:1450.00
1.0,敌方/环境命中,幻影20.00; 护盾0.00,70.0,2210.0,hound:1800.00;nurse:1450.00
1.0,证据入账,1; passive_enemy_hit; base=1; relic_bonus=0; overflow=0,1,2210.0,hound:1800.00;nurse:1450.00
1.2,玩家命中,0; 削盾0.00,36.36,2210.0,hound:1763.64;nurse:1450.00
1.2,证据入账,0; direct; base=2; relic_bonus=0; overflow=0,2,2210.0,hound:1763.64;nurse:1450.00
1.7,封卷,0: 4层，1.2秒后兑现,0.0,2210.0,hound:1763.64;nurse:1450.00
1.7,玩家命中,0; 削盾0.00,72.73,2210.0,hound:1690.91;nurse:1450.00
2.3,玩家命中,0; 削盾0.00,54.55,2210.0,hound:1636.36;nurse:1450.00
2.9,玩家命中,0; 削盾0.00,181.82,2210.0,hound:1454.55;nurse:1450.00
3.8,玩家命中,0; 削盾0.00,54.55,2210.0,hound:1400.00;nurse:1450.00
4.0,治疗被隔离阻止,0,260,2210.0,hound:1400.00;nurse:1450.00
4.8,敌方/环境命中,幻影280.00; 护盾0.00,120.0,2090.0,hound:1400.00;nurse:1450.00
4.8,证据入账,0; passive_enemy_hit; base=1; relic_bonus=0; overflow=0,1,2090.0,hound:1400.00;nurse:1450.00
4.8,玩家命中,0; 削盾0.00,54.55,2090.0,hound:1345.45;nurse:1450.00
5.8,玩家命中,0; 削盾0.00,54.55,2090.0,hound:1290.91;nurse:1450.00
6.0,敌方/环境命中,幻影20.00; 护盾0.00,70.0,2020.0,hound:1290.91;nurse:1450.00
6.0,证据入账,1; passive_enemy_hit; base=1; relic_bonus=0; overflow=0,1,2020.0,hound:1290.91;nurse:1450.00
6.7,封卷,1: 4层，0.6秒后兑现,0.0,2020.0,hound:1290.91;nurse:1450.00
6.8,玩家命中,0; 削盾0.00,54.55,2020.0,hound:1236.36;nurse:1450.00
7.3,玩家命中,1; 削盾0.00,100.0,2020.0,hound:1236.36;nurse:1350.00
7.8,玩家命中,0; 削盾0.00,54.55,2020.0,hound:1181.82;nurse:1350.00
8.2,玩家命中,0; 削盾0.00,36.36,2020.0,hound:1145.45;nurse:1350.00
8.2,证据入账,0; direct; base=2; relic_bonus=0; overflow=0,2,2020.0,hound:1145.45;nurse:1350.00
8.5,敌方/环境命中,幻影63.00; 护盾0.00,27.0,1993.0,hound:1145.45;nurse:1350.00
8.5,证据入账,1; passive_enemy_hit; base=1; relic_bonus=0; overflow=0,1,1993.0,hound:1145.45;nurse:1350.00
8.7,玩家命中,1; 削盾0.00,50.0,1993.0,hound:1145.45;nurse:1300.00
8.7,证据入账,1; direct; base=1; relic_bonus=0; overflow=0,1,1993.0,hound:1145.45;nurse:1300.00
8.8,敌方/环境命中,幻影237.00; 护盾0.00,163.0,1830.0,hound:1145.45;nurse:1300.00
8.8,证据入账,0; passive_enemy_hit; base=1; relic_bonus=0; overflow=0,1,1830.0,hound:1145.45;nurse:1300.00
9.8,玩家命中,0; 削盾0.00,54.55,1830.0,hound:1090.91;nurse:1300.00
10.8,封卷,0: 4层，0.6秒后兑现,0.0,1830.0,hound:1090.91;nurse:1300.00
10.8,玩家命中,0; 削盾0.00,54.55,1830.0,hound:1036.36;nurse:1300.00
11.4,玩家命中,0; 削盾0.00,109.09,1830.0,hound:927.27;nurse:1300.00
11.7,封卷,1: 2层，1.2秒后兑现,0.0,1830.0,hound:927.27;nurse:1300.00
11.7,玩家命中,1; 削盾0.00,66.67,1830.0,hound:927.27;nurse:1233.33
12.0,治疗被隔离阻止,0,260,1830.0,hound:927.27;nurse:1233.33
12.8,敌方/环境命中,幻影280.00; 护盾0.00,120.0,1710.0,hound:927.27;nurse:1233.33
12.8,证据入账,0; passive_enemy_hit; base=1; relic_bonus=0; overflow=0,1,1710.0,hound:927.27;nurse:1233.33
12.8,玩家命中,0; 削盾0.00,54.55,1710.0,hound:872.73;nurse:1233.33
12.9,玩家命中,1; 削盾0.00,83.33,1710.0,hound:872.73;nurse:1150.00
13.5,敌方/环境命中,幻影20.00; 护盾0.00,70.0,1640.0,hound:872.73;nurse:1150.00
13.5,证据入账,1; passive_enemy_hit; base=1; relic_bonus=0; overflow=0,1,1640.0,hound:872.73;nurse:1150.00
13.8,玩家命中,0; 削盾0.00,54.55,1640.0,hound:818.18;nurse:1150.00
14.8,玩家命中,0; 削盾0.00,54.55,1640.0,hound:763.64;nurse:1150.00
15.7,玩家命中,0; 削盾0.00,36.36,1640.0,hound:727.27;nurse:1150.00
15.7,证据入账,0; direct; base=2; relic_bonus=0; overflow=0,2,1640.0,hound:727.27;nurse:1150.00
16.0,敌方/环境命中,幻影63.00; 护盾0.00,27.0,1613.0,hound:727.27;nurse:1150.00
16.0,证据入账,1; passive_enemy_hit; base=1; relic_bonus=0; overflow=0,1,1613.0,hound:727.27;nurse:1150.00
16.3,玩家命中,0; 削盾0.00,54.55,1613.0,hound:672.73;nurse:1150.00
16.7,玩家命中,1; 削盾0.00,50.0,1613.0,hound:672.73;nurse:1100.00
16.7,证据入账,1; direct; base=1; relic_bonus=0; overflow=0,1,1613.0,hound:672.73;nurse:1100.00
16.8,敌方/环境命中,幻影237.00; 护盾0.00,163.0,1450.0,hound:672.73;nurse:1100.00
16.8,证据入账,0; passive_enemy_hit; base=1; relic_bonus=0; overflow=0,1,1450.0,hound:672.73;nurse:1100.00
17.3,玩家命中,0; 削盾0.00,54.55,1450.0,hound:618.18;nurse:1100.00
18.5,敌方/环境命中,幻影63.00; 护盾0.00,27.0,1423.0,hound:618.18;nurse:1100.00
18.5,证据入账,1; passive_enemy_hit; base=1; relic_bonus=0; overflow=0,1,1423.0,hound:618.18;nurse:1100.00
18.8,封卷,0: 4层，0.6秒后兑现,0.0,1423.0,hound:618.18;nurse:1100.00
18.8,玩家命中,0; 削盾0.00,54.55,1423.0,hound:563.64;nurse:1100.00
19.4,玩家命中,0; 削盾0.00,109.09,1423.0,hound:454.55;nurse:1100.00
19.5,封卷,1: 4层，0.6秒后兑现,0.0,1423.0,hound:454.55;nurse:1100.00
19.8,玩家命中,0; 削盾0.00,54.55,1423.0,hound:400.00;nurse:1100.00
20.0,治疗被隔离阻止,0,260,1423.0,hound:400.00;nurse:1100.00
20.1,玩家命中,1; 削盾0.00,100.0,1423.0,hound:400.00;nurse:1000.00
20.8,敌方/环境命中,幻影237.00; 护盾0.00,163.0,1260.0,hound:400.00;nurse:1000.00
20.8,证据入账,0; passive_enemy_hit; base=1; relic_bonus=0; overflow=0,1,1260.0,hound:400.00;nurse:1000.00
20.8,玩家命中,0; 削盾0.00,54.55,1260.0,hound:345.45;nurse:1000.00
21.0,敌方/环境命中,幻影0.00; 护盾0.00,90,1170.0,hound:345.45;nurse:1000.00
21.0,证据入账,1; passive_enemy_hit; base=1; relic_bonus=0; overflow=0,1,1170.0,hound:345.45;nurse:1000.00
21.7,封卷,0: 1层，1.2秒后兑现,0.0,1170.0,hound:345.45;nurse:1000.00
21.7,玩家命中,0; 削盾0.00,72.73,1170.0,hound:272.73;nurse:1000.00
22.3,玩家命中,0; 削盾0.00,54.55,1170.0,hound:218.18;nurse:1000.00
22.7,玩家命中,0; 削盾0.00,36.36,1170.0,hound:181.82;nurse:1000.00
22.7,证据入账,0; direct; base=2; relic_bonus=0; overflow=0,2,1170.0,hound:181.82;nurse:1000.00
22.9,玩家命中,0; 削盾0.00,45.45,1170.0,hound:136.36;nurse:1000.00
23.3,玩家命中,0; 削盾0.00,54.55,1170.0,hound:81.82;nurse:1000.00
23.5,敌方/环境命中,幻影63.00; 护盾0.00,27.0,1143.0,hound:81.82;nurse:1000.00
23.5,证据入账,1; passive_enemy_hit; base=1; relic_bonus=0; overflow=0,1,1143.0,hound:81.82;nurse:1000.00
24.7,玩家命中,1; 削盾0.00,50.0,1143.0,hound:81.82;nurse:950.00
24.7,证据入账,1; direct; base=1; relic_bonus=0; overflow=0,1,1143.0,hound:81.82;nurse:950.00
24.8,敌方/环境命中,幻影280.00; 护盾0.00,120.0,1023.0,hound:81.82;nurse:950.00
24.8,证据入账,0; passive_enemy_hit; base=1; relic_bonus=0; overflow=0,1,1023.0,hound:81.82;nurse:950.00
25.3,玩家命中,0; 削盾0.00,54.55,1023.0,hound:27.27;nurse:950.00
26.0,敌方/环境命中,幻影20.00; 护盾0.00,70.0,953.0,hound:27.27;nurse:950.00
26.0,证据入账,1; passive_enemy_hit; base=1; relic_bonus=0; overflow=0,1,953.0,hound:27.27;nurse:950.00
26.3,玩家命中,0; 削盾0.00,54.55,953.0,hound:0.00;nurse:950.00
26.3,敌人离场,0; 取消余烬0次,0.0,953.0,hound:0.00;nurse:950.00
27.0,封卷,1: 4层，0.6秒后兑现,0.0,953.0,hound:0.00;nurse:950.00
27.6,玩家命中,1; 削盾0.00,100.0,953.0,hound:0.00;nurse:850.00
27.8,玩家命中,1; 削盾0.00,50.0,953.0,hound:0.00;nurse:800.00
28.5,敌方/环境命中,幻影63.00; 护盾0.00,27.0,926.0,hound:0.00;nurse:800.00
28.5,证据入账,1; passive_enemy_hit; base=1; relic_bonus=0; overflow=0,1,926.0,hound:0.00;nurse:800.00
28.8,玩家命中,1; 削盾0.00,50.0,926.0,hound:0.00;nurse:750.00
29.7,玩家命中,1; 削盾0.00,33.33,926.0,hound:0.00;nurse:716.67
29.7,证据入账,1; direct; base=2; relic_bonus=0; overflow=0,2,926.0,hound:0.00;nurse:716.67
30.8,玩家命中,1; 削盾0.00,50.0,926.0,hound:0.00;nurse:666.67
31.0,敌方/环境命中,幻影63.00; 护盾0.00,27.0,899.0,hound:0.00;nurse:666.67
31.0,证据入账,1; passive_enemy_hit; base=1; relic_bonus=0; overflow=0,1,899.0,hound:0.00;nurse:666.67
31.7,封卷,1: 4层，1.2秒后兑现,0.0,899.0,hound:0.00;nurse:666.67
31.7,玩家命中,1; 削盾0.00,66.67,899.0,hound:0.00;nurse:600.00
32.3,玩家命中,1; 削盾0.00,50.0,899.0,hound:0.00;nurse:550.00
32.7,玩家命中,1; 削盾0.00,50.0,899.0,hound:0.00;nurse:500.00
32.7,证据入账,1; direct; base=1; relic_bonus=0; overflow=0,1,899.0,hound:0.00;nurse:500.00
32.9,玩家命中,1; 削盾0.00,166.67,899.0,hound:0.00;nurse:333.33
33.5,敌方/环境命中,幻影63.00; 护盾0.00,27.0,872.0,hound:0.00;nurse:333.33
33.5,证据入账,1; passive_enemy_hit; base=1; relic_bonus=0; overflow=0,1,872.0,hound:0.00;nurse:333.33
33.8,玩家命中,1; 削盾0.00,50.0,872.0,hound:0.00;nurse:283.33
34.8,玩家命中,1; 削盾0.00,50.0,872.0,hound:0.00;nurse:233.33
35.8,玩家命中,1; 削盾0.00,50.0,872.0,hound:0.00;nurse:183.33
36.7,玩家命中,1; 削盾0.00,33.33,872.0,hound:0.00;nurse:150.00
36.7,证据入账,1; direct; base=2; relic_bonus=0; overflow=0,2,872.0,hound:0.00;nurse:150.00
37.3,玩家命中,1; 削盾0.00,50.0,872.0,hound:0.00;nurse:100.00
38.3,玩家命中,1; 削盾0.00,50.0,872.0,hound:0.00;nurse:50.00
38.5,敌方/环境命中,幻影63.00; 护盾0.00,27.0,845.0,hound:0.00;nurse:50.00
38.5,证据入账,1; passive_enemy_hit; base=1; relic_bonus=0; overflow=0,1,845.0,hound:0.00;nurse:50.00
38.7,封卷,1: 5层，0.6秒后兑现,0.0,845.0,hound:0.00;nurse:50.00
39.3,玩家命中,1; 削盾0.00,125.0,845.0,hound:0.00;nurse:0.00
39.3,敌人离场,1; 取消余烬0次,0.0,845.0,hound:0.00;nurse:0.00
