probe,rule,time,incoming,charges_before,budget_before,absorbed,hp_loss,charges_after,budget_after
慢攻160每2秒,旧规则完整吸收,0.8,160.0,2,240.0,160.0,0.0,1,240.0
慢攻160每2秒,旧规则完整吸收,2.8,160.0,1,240.0,160.0,0.0,0,240.0
慢攻160每2秒,旧规则完整吸收,4.8,160.0,2,240.0,160.0,0.0,1,240.0
慢攻160每2秒,旧规则完整吸收,6.8,160.0,2,240.0,160.0,0.0,1,240.0
慢攻160每2秒,旧规则完整吸收,8.8,160.0,1,240.0,160.0,0.0,0,240.0
慢攻160每2秒,旧规则完整吸收,10.8,160.0,2,240.0,160.0,0.0,1,240.0
慢攻160每2秒,旧规则完整吸收,12.8,160.0,2,240.0,160.0,0.0,1,240.0
慢攻160每2秒,旧规则完整吸收,14.8,160.0,1,240.0,160.0,0.0,0,240.0
慢攻160每2秒,旧规则完整吸收,16.8,160.0,2,240.0,160.0,0.0,1,240.0
慢攻160每2秒,旧规则完整吸收,18.8,160.0,2,240.0,160.0,0.0,1,240.0
慢攻160每2秒,提议70%且耐久240,0.8,160.0,2,240.0,112.0,48.0,1,128.0
慢攻160每2秒,提议70%且耐久240,2.8,160.0,1,128.0,112.0,48.0,0,16.0
慢攻160每2秒,提议70%且耐久240,4.8,160.0,2,240.0,112.0,48.0,1,128.0
慢攻160每2秒,提议70%且耐久240,6.8,160.0,2,240.0,112.0,48.0,1,128.0
慢攻160每2秒,提议70%且耐久240,8.8,160.0,1,128.0,112.0,48.0,0,16.0
慢攻160每2秒,提议70%且耐久240,10.8,160.0,2,240.0,112.0,48.0,1,128.0
慢攻160每2秒,提议70%且耐久240,12.8,160.0,2,240.0,112.0,48.0,1,128.0
慢攻160每2秒,提议70%且耐久240,14.8,160.0,1,128.0,112.0,48.0,0,16.0
慢攻160每2秒,提议70%且耐久240,16.8,160.0,2,240.0,112.0,48.0,1,128.0
慢攻160每2秒,提议70%且耐久240,18.8,160.0,2,240.0,112.0,48.0,1,128.0
连射65每0.6秒,旧规则完整吸收,0.8,65.0,2,240.0,65.0,0.0,1,240.0
连射65每0.6秒,旧规则完整吸收,1.4,65.0,1,240.0,65.0,0.0,0,240.0
连射65每0.6秒,旧规则完整吸收,2.0,65.0,0,240.0,0.0,65.0,0,240.0
连射65每0.6秒,旧规则完整吸收,2.6,65.0,0,240.0,0.0,65.0,0,240.0
连射65每0.6秒,旧规则完整吸收,3.2,65.0,2,240.0,65.0,0.0,1,240.0
连射65每0.6秒,旧规则完整吸收,3.8,65.0,1,240.0,65.0,0.0,0,240.0
连射65每0.6秒,旧规则完整吸收,4.4,65.0,0,240.0,0.0,65.0,0,240.0
连射65每0.6秒,旧规则完整吸收,5.0,65.0,0,240.0,0.0,65.0,0,240.0
连射65每0.6秒,旧规则完整吸收,5.6,65.0,0,240.0,0.0,65.0,0,240.0
连射65每0.6秒,旧规则完整吸收,6.2,65.0,2,240.0,65.0,0.0,1,240.0
连射65每0.6秒,旧规则完整吸收,6.8,65.0,1,240.0,65.0,0.0,0,240.0
连射65每0.6秒,旧规则完整吸收,7.4,65.0,0,240.0,0.0,65.0,0,240.0
连射65每0.6秒,旧规则完整吸收,8.0,65.0,0,240.0,0.0,65.0,0,240.0
连射65每0.6秒,旧规则完整吸收,8.6,65.0,0,240.0,0.0,65.0,0,240.0
连射65每0.6秒,旧规则完整吸收,9.2,65.0,2,240.0,65.0,0.0,1,240.0
连射65每0.6秒,旧规则完整吸收,9.8,65.0,1,240.0,65.0,0.0,0,240.0
连射65每0.6秒,旧规则完整吸收,10.4,65.0,0,240.0,0.0,65.0,0,240.0
连射65每0.6秒,旧规则完整吸收,11.0,65.0,0,240.0,0.0,65.0,0,240.0
连射65每0.6秒,旧规则完整吸收,11.6,65.0,0,240.0,0.0,65.0,0,240.0
连射65每0.6秒,旧规则完整吸收,12.2,65.0,2,240.0,65.0,0.0,1,240.0
连射65每0.6秒,旧规则完整吸收,12.8,65.0,1,240.0,65.0,0.0,0,240.0
连射65每0.6秒,旧规则完整吸收,13.4,65.0,0,240.0,0.0,65.0,0,240.0
连射65每0.6秒,旧规则完整吸收,14.0,65.0,0,240.0,0.0,65.0,0,240.0
连射65每0.6秒,旧规则完整吸收,14.6,65.0,0,240.0,0.0,65.0,0,240.0
连射65每0.6秒,旧规则完整吸收,15.2,65.0,2,240.0,65.0,0.0,1,240.0
连射65每0.6秒,旧规则完整吸收,15.8,65.0,1,240.0,65.0,0.0,0,240.0
连射65每0.6秒,旧规则完整吸收,16.4,65.0,0,240.0,0.0,65.0,0,240.0
连射65每0.6秒,旧规则完整吸收,17.0,65.0,0,240.0,0.0,65.0,0,240.0
连射65每0.6秒,旧规则完整吸收,17.6,65.0,0,240.0,0.0,65.0,0,240.0
连射65每0.6秒,旧规则完整吸收,18.2,65.0,2,240.0,65.0,0.0,1,240.0
连射65每0.6秒,旧规则完整吸收,18.8,65.0,1,240.0,65.0,0.0,0,240.0
连射65每0.6秒,旧规则完整吸收,19.4,65.0,0,240.0,0.0,65.0,0,240.0
连射65每0.6秒,提议70%且耐久240,0.8,65.0,2,240.0,45.5,19.5,1,194.5
连射65每0.6秒,提议70%且耐久240,1.4,65.0,1,194.5,45.5,19.5,0,149.0
连射65每0.6秒,提议70%且耐久240,2.0,65.0,0,149.0,0.0,65.0,0,149.0
连射65每0.6秒,提议70%且耐久240,2.6,65.0,0,149.0,0.0,65.0,0,149.0
连射65每0.6秒,提议70%且耐久240,3.2,65.0,2,240.0,45.5,19.5,1,194.5
连射65每0.6秒,提议70%且耐久240,3.8,65.0,1,194.5,45.5,19.5,0,149.0
连射65每0.6秒,提议70%且耐久240,4.4,65.0,0,149.0,0.0,65.0,0,149.0
连射65每0.6秒,提议70%且耐久240,5.0,65.0,0,149.0,0.0,65.0,0,149.0
连射65每0.6秒,提议70%且耐久240,5.6,65.0,0,149.0,0.0,65.0,0,149.0
连射65每0.6秒,提议70%且耐久240,6.2,65.0,2,240.0,45.5,19.5,1,194.5
连射65每0.6秒,提议70%且耐久240,6.8,65.0,1,194.5,45.5,19.5,0,149.0
连射65每0.6秒,提议70%且耐久240,7.4,65.0,0,149.0,0.0,65.0,0,149.0
连射65每0.6秒,提议70%且耐久240,8.0,65.0,0,149.0,0.0,65.0,0,149.0
连射65每0.6秒,提议70%且耐久240,8.6,65.0,0,149.0,0.0,65.0,0,149.0
连射65每0.6秒,提议70%且耐久240,9.2,65.0,2,240.0,45.5,19.5,1,194.5
连射65每0.6秒,提议70%且耐久240,9.8,65.0,1,194.5,45.5,19.5,0,149.0
连射65每0.6秒,提议70%且耐久240,10.4,65.0,0,149.0,0.0,65.0,0,149.0
连射65每0.6秒,提议70%且耐久240,11.0,65.0,0,149.0,0.0,65.0,0,149.0
连射65每0.6秒,提议70%且耐久240,11.6,65.0,0,149.0,0.0,65.0,0,149.0
连射65每0.6秒,提议70%且耐久240,12.2,65.0,2,240.0,45.5,19.5,1,194.5
连射65每0.6秒,提议70%且耐久240,12.8,65.0,1,194.5,45.5,19.5,0,149.0
连射65每0.6秒,提议70%且耐久240,13.4,65.0,0,149.0,0.0,65.0,0,149.0
连射65每0.6秒,提议70%且耐久240,14.0,65.0,0,149.0,0.0,65.0,0,149.0
连射65每0.6秒,提议70%且耐久240,14.6,65.0,0,149.0,0.0,65.0,0,149.0
连射65每0.6秒,提议70%且耐久240,15.2,65.0,2,240.0,45.5,19.5,1,194.5
连射65每0.6秒,提议70%且耐久240,15.8,65.0,1,194.5,45.5,19.5,0,149.0
连射65每0.6秒,提议70%且耐久240,16.4,65.0,0,149.0,0.0,65.0,0,149.0
连射65每0.6秒,提议70%且耐久240,17.0,65.0,0,149.0,0.0,65.0,0,149.0
连射65每0.6秒,提议70%且耐久240,17.6,65.0,0,149.0,0.0,65.0,0,149.0
连射65每0.6秒,提议70%且耐久240,18.2,65.0,2,240.0,45.5,19.5,1,194.5
连射65每0.6秒,提议70%且耐久240,18.8,65.0,1,194.5,45.5,19.5,0,149.0
连射65每0.6秒,提议70%且耐久240,19.4,65.0,0,149.0,0.0,65.0,0,149.0
犬火400每4秒,旧规则完整吸收,0.8,400.0,2,240.0,400.0,0.0,1,240.0
犬火400每4秒,旧规则完整吸收,4.8,400.0,2,240.0,400.0,0.0,1,240.0
犬火400每4秒,旧规则完整吸收,8.8,400.0,2,240.0,400.0,0.0,1,240.0
犬火400每4秒,旧规则完整吸收,12.8,400.0,2,240.0,400.0,0.0,1,240.0
犬火400每4秒,旧规则完整吸收,16.8,400.0,2,240.0,400.0,0.0,1,240.0
犬火400每4秒,提议70%且耐久240,0.8,400.0,2,240.0,240.0,160.0,0,0.0
犬火400每4秒,提议70%且耐久240,4.8,400.0,2,240.0,240.0,160.0,0,0.0
犬火400每4秒,提议70%且耐久240,8.8,400.0,2,240.0,240.0,160.0,0,0.0
犬火400每4秒,提议70%且耐久240,12.8,400.0,2,240.0,240.0,160.0,0,0.0
犬火400每4秒,提议70%且耐久240,16.8,400.0,2,240.0,240.0,160.0,0,0.0
重击700每5秒,旧规则完整吸收,0.8,700.0,2,240.0,700.0,0.0,1,240.0
重击700每5秒,旧规则完整吸收,5.8,700.0,2,240.0,700.0,0.0,1,240.0
重击700每5秒,旧规则完整吸收,10.8,700.0,2,240.0,700.0,0.0,1,240.0
重击700每5秒,旧规则完整吸收,15.8,700.0,2,240.0,700.0,0.0,1,240.0
重击700每5秒,提议70%且耐久240,0.8,700.0,2,240.0,240.0,460.0,0,0.0
重击700每5秒,提议70%且耐久240,5.8,700.0,2,240.0,240.0,460.0,0,0.0
重击700每5秒,提议70%且耐久240,10.8,700.0,2,240.0,240.0,460.0,0,0.0
重击700每5秒,提议70%且耐久240,15.8,700.0,2,240.0,240.0,460.0,0,0.0
