policy,profile,startOffset,finalMission,stuckAt,days,minutesTotal,minutesMain,minutesTower,minutesBounty,minutesPostal,mainLosses,salvesUsed,postalJobs,towerFloor,bounties,copper
mainOnly,high,0,7,8,3,64.3,41.8,0,0,22.5,44,11,9,0,0,2
mainOnly,medium,0,7,8,3,64.3,41.8,0,0,22.5,44,11,9,0,0,2
mainOnly,low,0,7,8,3,74.7,47.2,0,0,27.5,47,14,11,0,0,-19
mainTower,high,0,11,12,4,206.3,135,23.8,0,47.5,125,29,19,30,0,-19
mainTower,medium,0,11,12,4,201.0,128.5,25,0,47.5,117,30,19,30,0,-21
mainTower,low,0,7,8,3,115.0,80,7.5,0,27.5,87,14,11,10,0,-99
mainBounty,high,0,7,8,16,134.8,57.9,0,54.4,22.5,64,17,9,0,4,0
mainBounty,high,30,7,8,15,110.9,51.4,0,37,22.5,56,16,9,0,3,9
mainBounty,high,90,7,8,15,108.2,57.9,0,27.8,22.5,64,14,9,0,3,3
mainBounty,medium,0,7,8,16,123.4,61.4,0,39.5,22.5,68,20,9,0,5,11
mainBounty,medium,30,7,8,15,124.4,64,0,37.9,22.5,72,18,9,0,4,9
mainBounty,medium,90,7,8,15,111.8,57.9,0,31.4,22.5,64,14,9,0,3,2
mainBounty,low,0,7,8,16,132.2,53.5,0,51.2,27.5,55,16,11,0,2,0
mainBounty,low,30,7,8,15,122.0,53.5,0,41,27.5,55,15,11,0,2,3
mainBounty,low,90,7,8,15,120.8,57,0,36.3,27.5,59,17,11,0,3,0
all,high,0,30,,11,335.8,254,23.8,10.5,47.5,205,57,19,30,10,424
all,high,30,30,,11,909.8,621.5,89,6.8,192.5,810,53,77,100,10,-3863
all,high,90,30,,11,909.8,621.5,89,6.8,192.5,810,53,77,100,10,-3863
all,medium,0,30,,11,290.8,208.6,25,9.7,47.5,161,58,19,30,10,416
all,medium,30,30,,11,748.0,506.2,94.6,7.2,140,633,61,56,100,10,-1281
all,medium,90,30,,11,748.0,506.2,94.6,7.2,140,633,61,56,100,10,-1281
all,low,0,30,,11,639.8,424.1,106.1,29.6,80,492,72,32,100,10,-38
all,low,30,30,,11,779.2,581.9,106.7,13.1,77.5,720,48,31,100,10,-1986
all,low,90,7,8,26,181.1,109.8,7.5,36.3,27.5,123,19,11,10,5,2
completionist,high,0,30,,11,336.4,176.2,91.2,24,45,124,19,18,100,10,749
completionist,high,30,30,,11,150.6,29.9,91.6,21.6,7.5,4,8,3,100,10,1407
completionist,high,90,30,,11,154.4,29.4,91.2,26.3,7.5,4,9,3,100,10,1353
completionist,medium,0,30,,11,349.4,177.8,96.1,30.5,45,124,22,18,100,10,751
completionist,medium,30,30,,11,157.3,31.9,96.1,21.8,7.5,4,6,3,100,10,1457
completionist,medium,90,30,,11,172.1,31.8,96.1,36.7,7.5,4,9,3,100,10,1038
completionist,low,0,7,8,27,132.0,34.4,7.5,55.1,35,31,21,14,10,6,0
completionist,low,30,30,,11,231.8,40,109.5,69.8,12.5,8,17,5,100,10,988
completionist,low,90,30,,11,221.6,39.3,108.7,61.1,12.5,8,18,5,100,10,887
