build,name,skill,skill_name,start_s,impact_s,next_ready_s,opening
B1,诡术30·交替拆甲,N,留痕针,0.0,0.2,4.0,True
B1,诡术30·交替拆甲,F,错步穿行,0.5,0.7,6.5,True
B1,诡术30·交替拆甲,M,假面谕令,1.0,1.2,4.0,True
B1,诡术30·交替拆甲,R,镜像追击,1.5,1.7,6.5,True
B1,诡术30·交替拆甲,B,普攻,2.0,2.3,3.0,False
B1,诡术30·交替拆甲,B,普攻,3.0,3.3,4.0,False
B1,诡术30·交替拆甲,N,留痕针,4.0,4.2,8.0,False
B1,诡术30·交替拆甲,M,假面谕令,4.5,4.7,7.5,False
B1,诡术30·交替拆甲,B,普攻,5.0,5.3,6.0,False
B1,诡术30·交替拆甲,B,普攻,6.0,6.3,7.0,False
B1,诡术30·交替拆甲,F,错步穿行,6.5,6.7,12.5,False
B1,诡术30·交替拆甲,R,镜像追击,7.0,7.2,12.0,False
B1,诡术30·交替拆甲,M,假面谕令,7.5,7.7,10.5,False
B1,诡术30·交替拆甲,N,留痕针,8.0,8.2,12.0,False
B1,诡术30·交替拆甲,B,普攻,8.5,8.8,9.5,False
B1,诡术30·交替拆甲,B,普攻,9.5,9.8,10.5,False
B1,诡术30·交替拆甲,M,假面谕令,10.5,10.7,13.5,False
B1,诡术30·交替拆甲,B,普攻,11.0,11.3,12.0,False
B1,诡术30·交替拆甲,N,留痕针,12.0,12.2,16.0,False
B1,诡术30·交替拆甲,R,镜像追击,12.5,12.7,17.5,False
B1,诡术30·交替拆甲,F,错步穿行,13.0,13.2,19.0,False
B1,诡术30·交替拆甲,M,假面谕令,13.5,13.7,16.5,False
B1,诡术30·交替拆甲,B,普攻,14.0,14.3,15.0,False
B1,诡术30·交替拆甲,B,普攻,15.0,15.3,16.0,False
B1,诡术30·交替拆甲,N,留痕针,16.0,16.2,20.0,False
B1,诡术30·交替拆甲,M,假面谕令,16.5,16.7,19.5,False
B1,诡术30·交替拆甲,B,普攻,17.0,17.3,18.0,False
B1,诡术30·交替拆甲,R,镜像追击,17.5,17.7,22.5,False
B1,诡术30·交替拆甲,B,普攻,18.0,18.3,19.0,False
B1,诡术30·交替拆甲,F,错步穿行,19.0,19.2,25.0,False
B1,诡术30·交替拆甲,M,假面谕令,19.5,19.7,22.5,False
B2,幻身30·长幕回礼,M,假面谕令,0.0,0.2,5.0,True
B2,幻身30·长幕回礼,N,留痕针,0.5,0.7,4.5,True
B2,幻身30·长幕回礼,R,镜像追击,1.0,1.2,6.0,True
B2,幻身30·长幕回礼,H,敛息,1.5,1.7,10.5,True
B2,幻身30·长幕回礼,B,普攻,2.0,2.3,3.0,False
B2,幻身30·长幕回礼,B,普攻,3.0,3.3,4.0,False
B2,幻身30·长幕回礼,B,普攻,4.0,4.3,5.0,False
B2,幻身30·长幕回礼,N,留痕针,4.5,4.7,8.5,False
B2,幻身30·长幕回礼,M,假面谕令,5.0,5.2,10.0,False
B2,幻身30·长幕回礼,B,普攻,5.5,5.8,6.5,False
B2,幻身30·长幕回礼,R,镜像追击,6.0,6.2,11.0,False
B2,幻身30·长幕回礼,B,普攻,6.5,6.8,7.5,False
B2,幻身30·长幕回礼,B,普攻,7.5,7.8,8.5,False
B2,幻身30·长幕回礼,N,留痕针,8.5,8.7,12.5,False
B2,幻身30·长幕回礼,B,普攻,9.0,9.3,10.0,False
B2,幻身30·长幕回礼,M,假面谕令,10.0,10.2,15.0,False
B2,幻身30·长幕回礼,H,敛息,10.5,10.7,19.5,False
B2,幻身30·长幕回礼,R,镜像追击,11.0,11.2,16.0,False
B2,幻身30·长幕回礼,B,普攻,11.5,11.8,12.5,False
B2,幻身30·长幕回礼,N,留痕针,12.5,12.7,16.5,False
B2,幻身30·长幕回礼,B,普攻,13.0,13.3,14.0,False
B2,幻身30·长幕回礼,B,普攻,14.0,14.3,15.0,False
B2,幻身30·长幕回礼,M,假面谕令,15.0,15.2,20.0,False
B2,幻身30·长幕回礼,B,普攻,15.5,15.8,16.5,False
B2,幻身30·长幕回礼,R,镜像追击,16.0,16.2,21.0,False
B2,幻身30·长幕回礼,N,留痕针,16.5,16.7,20.5,False
B2,幻身30·长幕回礼,B,普攻,17.0,17.3,18.0,False
B2,幻身30·长幕回礼,B,普攻,18.0,18.3,19.0,False
B2,幻身30·长幕回礼,B,普攻,19.0,19.3,20.0,False
B2,幻身30·长幕回礼,H,敛息,19.5,19.7,28.5,False
B3,秘兆30·多案结卷,E,伪造证据,0.0,0.2,7.0,True
B3,秘兆30·多案结卷,N,留痕针,0.5,0.7,4.5,True
B3,秘兆30·多案结卷,A,荒诞终幕,1.0,1.2,11.0,True
B3,秘兆30·多案结卷,I,身份错置,1.5,1.7,9.5,True
B3,秘兆30·多案结卷,B,普攻,2.0,2.3,3.0,False
B3,秘兆30·多案结卷,B,普攻,3.0,3.3,4.0,False
B3,秘兆30·多案结卷,B,普攻,4.0,4.3,5.0,False
B3,秘兆30·多案结卷,N,留痕针,4.5,4.7,8.5,False
B3,秘兆30·多案结卷,B,普攻,5.0,5.3,6.0,False
B3,秘兆30·多案结卷,B,普攻,6.0,6.3,7.0,False
B3,秘兆30·多案结卷,E,伪造证据,7.0,7.2,14.0,False
B3,秘兆30·多案结卷,B,普攻,7.5,7.8,8.5,False
B3,秘兆30·多案结卷,N,留痕针,8.5,8.7,12.5,False
B3,秘兆30·多案结卷,B,普攻,9.0,9.3,10.0,False
B3,秘兆30·多案结卷,I,身份错置,9.5,9.7,17.5,False
B3,秘兆30·多案结卷,B,普攻,10.0,10.3,11.0,False
B3,秘兆30·多案结卷,A,荒诞终幕,11.0,11.2,21.0,False
B3,秘兆30·多案结卷,B,普攻,11.5,11.8,12.5,False
B3,秘兆30·多案结卷,N,留痕针,12.5,12.7,16.5,False
B3,秘兆30·多案结卷,B,普攻,13.0,13.3,14.0,False
B3,秘兆30·多案结卷,E,伪造证据,14.0,14.2,21.0,False
B3,秘兆30·多案结卷,B,普攻,14.5,14.8,15.5,False
B3,秘兆30·多案结卷,B,普攻,15.5,15.8,16.5,False
B3,秘兆30·多案结卷,N,留痕针,16.5,16.7,20.5,False
B3,秘兆30·多案结卷,B,普攻,17.0,17.3,18.0,False
B3,秘兆30·多案结卷,I,身份错置,17.5,17.7,25.5,False
B3,秘兆30·多案结卷,B,普攻,18.0,18.3,19.0,False
B3,秘兆30·多案结卷,B,普攻,19.0,19.3,20.0,False
B4,诡术20+幻身10·借击连场,M,假面谕令,0.0,0.2,3.0,True
B4,诡术20+幻身10·借击连场,F,错步穿行,0.5,0.7,6.5,True
B4,诡术20+幻身10·借击连场,N,留痕针,1.0,1.2,5.0,True
B4,诡术20+幻身10·借击连场,R,镜像追击,1.5,1.7,6.5,True
B4,诡术20+幻身10·借击连场,B,普攻,2.0,2.3,3.0,False
B4,诡术20+幻身10·借击连场,M,假面谕令,3.0,3.2,6.0,False
B4,诡术20+幻身10·借击连场,B,普攻,3.5,3.8,4.5,False
B4,诡术20+幻身10·借击连场,B,普攻,4.5,4.8,5.5,False
B4,诡术20+幻身10·借击连场,N,留痕针,5.0,5.2,9.0,False
B4,诡术20+幻身10·借击连场,B,普攻,5.5,5.8,6.5,False
B4,诡术20+幻身10·借击连场,M,假面谕令,6.0,6.2,9.0,False
B4,诡术20+幻身10·借击连场,F,错步穿行,6.5,6.7,12.5,False
B4,诡术20+幻身10·借击连场,R,镜像追击,7.0,7.2,12.0,False
B4,诡术20+幻身10·借击连场,B,普攻,7.5,7.8,8.5,False
B4,诡术20+幻身10·借击连场,B,普攻,8.5,8.8,9.5,False
B4,诡术20+幻身10·借击连场,M,假面谕令,9.0,9.2,12.0,False
B4,诡术20+幻身10·借击连场,N,留痕针,9.5,9.7,13.5,False
B4,诡术20+幻身10·借击连场,B,普攻,10.0,10.3,11.0,False
B4,诡术20+幻身10·借击连场,B,普攻,11.0,11.3,12.0,False
B4,诡术20+幻身10·借击连场,M,假面谕令,12.0,12.2,15.0,False
B4,诡术20+幻身10·借击连场,R,镜像追击,12.5,12.7,17.5,False
B4,诡术20+幻身10·借击连场,F,错步穿行,13.0,13.2,19.0,False
B4,诡术20+幻身10·借击连场,N,留痕针,13.5,13.7,17.5,False
B4,诡术20+幻身10·借击连场,B,普攻,14.0,14.3,15.0,False
B4,诡术20+幻身10·借击连场,M,假面谕令,15.0,15.2,18.0,False
B4,诡术20+幻身10·借击连场,B,普攻,15.5,15.8,16.5,False
B4,诡术20+幻身10·借击连场,B,普攻,16.5,16.8,17.5,False
B4,诡术20+幻身10·借击连场,N,留痕针,17.5,17.7,21.5,False
B4,诡术20+幻身10·借击连场,R,镜像追击,18.0,18.2,23.0,False
B4,诡术20+幻身10·借击连场,M,假面谕令,18.5,18.7,21.5,False
B4,诡术20+幻身10·借击连场,F,错步穿行,19.0,19.2,25.0,False
B4,诡术20+幻身10·借击连场,B,普攻,19.5,19.8,20.5,False
B5,幻身20+秘兆10·受击作证,E,伪造证据,0.0,0.2,7.0,True
B5,幻身20+秘兆10·受击作证,M,假面谕令,0.5,0.7,3.5,True
B5,幻身20+秘兆10·受击作证,R,镜像追击,1.0,1.2,6.0,True
B5,幻身20+秘兆10·受击作证,A,荒诞终幕,1.5,1.7,11.5,True
B5,幻身20+秘兆10·受击作证,B,普攻,2.0,2.3,3.0,False
B5,幻身20+秘兆10·受击作证,B,普攻,3.0,3.3,4.0,False
B5,幻身20+秘兆10·受击作证,M,假面谕令,3.5,3.7,6.5,False
B5,幻身20+秘兆10·受击作证,B,普攻,4.0,4.3,5.0,False
B5,幻身20+秘兆10·受击作证,B,普攻,5.0,5.3,6.0,False
B5,幻身20+秘兆10·受击作证,R,镜像追击,6.0,6.2,11.0,False
B5,幻身20+秘兆10·受击作证,M,假面谕令,6.5,6.7,9.5,False
B5,幻身20+秘兆10·受击作证,E,伪造证据,7.0,7.2,14.0,False
B5,幻身20+秘兆10·受击作证,B,普攻,7.5,7.8,8.5,False
B5,幻身20+秘兆10·受击作证,B,普攻,8.5,8.8,9.5,False
B5,幻身20+秘兆10·受击作证,M,假面谕令,9.5,9.7,12.5,False
B5,幻身20+秘兆10·受击作证,B,普攻,10.0,10.3,11.0,False
B5,幻身20+秘兆10·受击作证,R,镜像追击,11.0,11.2,16.0,False
B5,幻身20+秘兆10·受击作证,A,荒诞终幕,11.5,11.7,21.5,False
B5,幻身20+秘兆10·受击作证,B,普攻,12.0,12.3,13.0,False
B5,幻身20+秘兆10·受击作证,M,假面谕令,12.5,12.7,15.5,False
B5,幻身20+秘兆10·受击作证,B,普攻,13.0,13.3,14.0,False
B5,幻身20+秘兆10·受击作证,E,伪造证据,14.0,14.2,21.0,False
B5,幻身20+秘兆10·受击作证,B,普攻,14.5,14.8,15.5,False
B5,幻身20+秘兆10·受击作证,M,假面谕令,15.5,15.7,18.5,False
B5,幻身20+秘兆10·受击作证,R,镜像追击,16.0,16.2,21.0,False
B5,幻身20+秘兆10·受击作证,B,普攻,16.5,16.8,17.5,False
B5,幻身20+秘兆10·受击作证,B,普攻,17.5,17.8,18.5,False
B5,幻身20+秘兆10·受击作证,M,假面谕令,18.5,18.7,21.5,False
B5,幻身20+秘兆10·受击作证,B,普攻,19.0,19.3,20.0,False
B6,秘兆20+诡术10·错位快递,E,伪造证据,0.0,0.2,7.0,True
B6,秘兆20+诡术10·错位快递,F,错步穿行,0.5,0.7,6.5,True
B6,秘兆20+诡术10·错位快递,N,留痕针,1.0,1.2,5.0,True
B6,秘兆20+诡术10·错位快递,A,荒诞终幕,1.5,1.7,11.5,True
B6,秘兆20+诡术10·错位快递,B,普攻,2.0,2.3,3.0,False
B6,秘兆20+诡术10·错位快递,B,普攻,3.0,3.3,4.0,False
B6,秘兆20+诡术10·错位快递,B,普攻,4.0,4.3,5.0,False
B6,秘兆20+诡术10·错位快递,N,留痕针,5.0,5.2,9.0,False
B6,秘兆20+诡术10·错位快递,B,普攻,5.5,5.8,6.5,False
B6,秘兆20+诡术10·错位快递,F,错步穿行,6.5,6.7,12.5,False
B6,秘兆20+诡术10·错位快递,E,伪造证据,7.0,7.2,14.0,False
B6,秘兆20+诡术10·错位快递,B,普攻,7.5,7.8,8.5,False
B6,秘兆20+诡术10·错位快递,B,普攻,8.5,8.8,9.5,False
B6,秘兆20+诡术10·错位快递,N,留痕针,9.0,9.2,13.0,False
B6,秘兆20+诡术10·错位快递,B,普攻,9.5,9.8,10.5,False
B6,秘兆20+诡术10·错位快递,B,普攻,10.5,10.8,11.5,False
B6,秘兆20+诡术10·错位快递,A,荒诞终幕,11.5,11.7,21.5,False
B6,秘兆20+诡术10·错位快递,B,普攻,12.0,12.3,13.0,False
B6,秘兆20+诡术10·错位快递,F,错步穿行,12.5,12.7,18.5,False
B6,秘兆20+诡术10·错位快递,N,留痕针,13.0,13.2,17.0,False
B6,秘兆20+诡术10·错位快递,B,普攻,13.5,13.8,14.5,False
B6,秘兆20+诡术10·错位快递,E,伪造证据,14.0,14.2,21.0,False
B6,秘兆20+诡术10·错位快递,B,普攻,14.5,14.8,15.5,False
B6,秘兆20+诡术10·错位快递,B,普攻,15.5,15.8,16.5,False
B6,秘兆20+诡术10·错位快递,B,普攻,16.5,16.8,17.5,False
B6,秘兆20+诡术10·错位快递,N,留痕针,17.0,17.2,21.0,False
B6,秘兆20+诡术10·错位快递,B,普攻,17.5,17.8,18.5,False
B6,秘兆20+诡术10·错位快递,F,错步穿行,18.5,18.7,24.5,False
B6,秘兆20+诡术10·错位快递,B,普攻,19.0,19.3,20.0,False
B7,诡术15+幻身15·双资源回击,M,假面谕令,0.0,0.2,3.0,True
B7,诡术15+幻身15·双资源回击,F,错步穿行,0.5,0.7,6.5,True
B7,诡术15+幻身15·双资源回击,R,镜像追击,1.0,1.2,6.0,True
B7,诡术15+幻身15·双资源回击,H,敛息,1.5,1.7,10.5,True
B7,诡术15+幻身15·双资源回击,B,普攻,2.0,2.3,3.0,False
B7,诡术15+幻身15·双资源回击,M,假面谕令,3.0,3.2,6.0,False
B7,诡术15+幻身15·双资源回击,B,普攻,3.5,3.8,4.5,False
B7,诡术15+幻身15·双资源回击,B,普攻,4.5,4.8,5.5,False
B7,诡术15+幻身15·双资源回击,B,普攻,5.5,5.8,6.5,False
B7,诡术15+幻身15·双资源回击,M,假面谕令,6.0,6.2,9.0,False
B7,诡术15+幻身15·双资源回击,R,镜像追击,6.5,6.7,11.5,False
B7,诡术15+幻身15·双资源回击,F,错步穿行,7.0,7.2,13.0,False
B7,诡术15+幻身15·双资源回击,B,普攻,7.5,7.8,8.5,False
B7,诡术15+幻身15·双资源回击,B,普攻,8.5,8.8,9.5,False
B7,诡术15+幻身15·双资源回击,M,假面谕令,9.0,9.2,12.0,False
B7,诡术15+幻身15·双资源回击,B,普攻,9.5,9.8,10.5,False
B7,诡术15+幻身15·双资源回击,H,敛息,10.5,10.7,19.5,False
B7,诡术15+幻身15·双资源回击,B,普攻,11.0,11.3,12.0,False
B7,诡术15+幻身15·双资源回击,R,镜像追击,11.5,11.7,16.5,False
B7,诡术15+幻身15·双资源回击,M,假面谕令,12.0,12.2,15.0,False
B7,诡术15+幻身15·双资源回击,B,普攻,12.5,12.8,13.5,False
B7,诡术15+幻身15·双资源回击,F,错步穿行,13.0,13.2,19.0,False
B7,诡术15+幻身15·双资源回击,B,普攻,13.5,13.8,14.5,False
B7,诡术15+幻身15·双资源回击,B,普攻,14.5,14.8,15.5,False
B7,诡术15+幻身15·双资源回击,M,假面谕令,15.0,15.2,18.0,False
B7,诡术15+幻身15·双资源回击,B,普攻,15.5,15.8,16.5,False
B7,诡术15+幻身15·双资源回击,R,镜像追击,16.5,16.7,21.5,False
B7,诡术15+幻身15·双资源回击,B,普攻,17.0,17.3,18.0,False
B7,诡术15+幻身15·双资源回击,M,假面谕令,18.0,18.2,21.0,False
B7,诡术15+幻身15·双资源回击,B,普攻,18.5,18.8,19.5,False
B7,诡术15+幻身15·双资源回击,F,错步穿行,19.0,19.2,25.0,False
B7,诡术15+幻身15·双资源回击,H,敛息,19.5,19.7,28.5,False
B8,诡术15+秘兆15·破盾移案,N,留痕针,0.0,0.2,4.0,True
B8,诡术15+秘兆15·破盾移案,F,错步穿行,0.5,0.7,6.5,True
B8,诡术15+秘兆15·破盾移案,E,伪造证据,1.0,1.2,8.0,True
B8,诡术15+秘兆15·破盾移案,A,荒诞终幕,1.5,1.7,11.5,True
B8,诡术15+秘兆15·破盾移案,B,普攻,2.0,2.3,3.0,False
B8,诡术15+秘兆15·破盾移案,B,普攻,3.0,3.3,4.0,False
B8,诡术15+秘兆15·破盾移案,N,留痕针,4.0,4.2,8.0,False
B8,诡术15+秘兆15·破盾移案,B,普攻,4.5,4.8,5.5,False
B8,诡术15+秘兆15·破盾移案,B,普攻,5.5,5.8,6.5,False
B8,诡术15+秘兆15·破盾移案,F,错步穿行,6.5,6.7,12.5,False
B8,诡术15+秘兆15·破盾移案,B,普攻,7.0,7.3,8.0,False
B8,诡术15+秘兆15·破盾移案,N,留痕针,8.0,8.2,12.0,False
B8,诡术15+秘兆15·破盾移案,E,伪造证据,8.5,8.7,15.5,False
B8,诡术15+秘兆15·破盾移案,B,普攻,9.0,9.3,10.0,False
B8,诡术15+秘兆15·破盾移案,B,普攻,10.0,10.3,11.0,False
B8,诡术15+秘兆15·破盾移案,B,普攻,11.0,11.3,12.0,False
B8,诡术15+秘兆15·破盾移案,A,荒诞终幕,11.5,11.7,21.5,False
B8,诡术15+秘兆15·破盾移案,N,留痕针,12.0,12.2,16.0,False
B8,诡术15+秘兆15·破盾移案,F,错步穿行,12.5,12.7,18.5,False
B8,诡术15+秘兆15·破盾移案,B,普攻,13.0,13.3,14.0,False
B8,诡术15+秘兆15·破盾移案,B,普攻,14.0,14.3,15.0,False
B8,诡术15+秘兆15·破盾移案,B,普攻,15.0,15.3,16.0,False
B8,诡术15+秘兆15·破盾移案,E,伪造证据,15.5,15.7,22.5,False
B8,诡术15+秘兆15·破盾移案,N,留痕针,16.0,16.2,20.0,False
B8,诡术15+秘兆15·破盾移案,B,普攻,16.5,16.8,17.5,False
B8,诡术15+秘兆15·破盾移案,B,普攻,17.5,17.8,18.5,False
B8,诡术15+秘兆15·破盾移案,F,错步穿行,18.5,18.7,24.5,False
B8,诡术15+秘兆15·破盾移案,B,普攻,19.0,19.3,20.0,False
B9,幻身15+秘兆15·隔离公证,M,假面谕令,0.0,0.2,3.0,True
B9,幻身15+秘兆15·隔离公证,E,伪造证据,0.5,0.7,7.5,True
B9,幻身15+秘兆15·隔离公证,I,身份错置,1.0,1.2,9.0,True
B9,幻身15+秘兆15·隔离公证,A,荒诞终幕,1.5,1.7,11.5,True
B9,幻身15+秘兆15·隔离公证,B,普攻,2.0,2.3,3.0,False
B9,幻身15+秘兆15·隔离公证,M,假面谕令,3.0,3.2,6.0,False
B9,幻身15+秘兆15·隔离公证,B,普攻,3.5,3.8,4.5,False
B9,幻身15+秘兆15·隔离公证,B,普攻,4.5,4.8,5.5,False
B9,幻身15+秘兆15·隔离公证,B,普攻,5.5,5.8,6.5,False
B9,幻身15+秘兆15·隔离公证,M,假面谕令,6.0,6.2,9.0,False
B9,幻身15+秘兆15·隔离公证,B,普攻,6.5,6.8,7.5,False
B9,幻身15+秘兆15·隔离公证,E,伪造证据,7.5,7.7,14.5,False
B9,幻身15+秘兆15·隔离公证,B,普攻,8.0,8.3,9.0,False
B9,幻身15+秘兆15·隔离公证,M,假面谕令,9.0,9.2,12.0,False
B9,幻身15+秘兆15·隔离公证,I,身份错置,9.5,9.7,17.5,False
B9,幻身15+秘兆15·隔离公证,B,普攻,10.0,10.3,11.0,False
B9,幻身15+秘兆15·隔离公证,B,普攻,11.0,11.3,12.0,False
B9,幻身15+秘兆15·隔离公证,A,荒诞终幕,11.5,11.7,21.5,False
B9,幻身15+秘兆15·隔离公证,M,假面谕令,12.0,12.2,15.0,False
B9,幻身15+秘兆15·隔离公证,B,普攻,12.5,12.8,13.5,False
B9,幻身15+秘兆15·隔离公证,B,普攻,13.5,13.8,14.5,False
B9,幻身15+秘兆15·隔离公证,E,伪造证据,14.5,14.7,21.5,False
B9,幻身15+秘兆15·隔离公证,M,假面谕令,15.0,15.2,18.0,False
B9,幻身15+秘兆15·隔离公证,B,普攻,15.5,15.8,16.5,False
B9,幻身15+秘兆15·隔离公证,B,普攻,16.5,16.8,17.5,False
B9,幻身15+秘兆15·隔离公证,I,身份错置,17.5,17.7,25.5,False
B9,幻身15+秘兆15·隔离公证,M,假面谕令,18.0,18.2,21.0,False
B9,幻身15+秘兆15·隔离公证,B,普攻,18.5,18.8,19.5,False
B9,幻身15+秘兆15·隔离公证,B,普攻,19.5,19.8,20.5,False
