scenario,seed,days,mature_initial,min_basket_fulfillment,first_basket_fail_day,max_open_service_price_index,min_industrial_fuel_fulfillment,first_industrial_fuel_fail_day,entitlement_created_cum,mint_cum,transfer_in_cum,transfer_out_cum,import_outflow_cum,export_inflow_cum,j0_paid_cum,active_server_money_end,archived_money_end,preserved_money_end,stabilizer_cash_end,recovery_fund_cash_end,nonfuel_reserve_end,household_fuel_reserve_end_kg,industrial_fuel_reserve_end_kg,bike_installed_end,pump_installed_end,transport_customer_cash_end,industrial_customer_cash_end
launch_base,1,365,0,1.0,,1.0,1.0,,29847960,8895832,4221276,4506962,0,0,111520,11147934,4462212,15610146,540000,848480,140000.0,70000.0,180000.0,1934.7212190739976,107.2242698594353,577200,529800
launch_base,2,365,0,1.0,,1.0,1.0,,29174580,8690908,4436507,4412184,0,0,120120,11234654,4480577,15715231,540000,839880,140000.0,70000.0,180000.0,1934.7212190739976,107.2242698594353,577200,529800
launch_base,3,365,0,1.0,,1.0,1.0,,29493000,8792176,4289182,4472003,0,0,121280,11132446,4476909,15609355,540000,838720,140000.0,70000.0,180000.0,1934.7212190739976,107.2242698594353,577200,529800
launch_base,4,365,0,1.0,,1.0,1.0,,29258100,8803234,4470220,4667919,0,0,111840,11153381,4452154,15605535,540000,848160,140000.0,70000.0,180000.0,1934.7212190739976,107.2242698594353,577200,529800
launch_base,5,365,0,1.0,,1.0,1.0,,29837520,8803878,4323600,4536754,0,0,105440,11101245,4489479,15590724,540000,854560,140000.0,70000.0,180000.0,1934.7212190739976,107.2242698594353,577200,529800
launch_2000_instant,1,365,0,1.0,,3.1388000000000003,1.0,,29847960,15694158,4221276,7401073,0,0,111520,12090490,7423871,19514361,540000,848480,140000.0,70000.0,180000.0,1934.7212190739976,107.2242698594353,577200,529800
launch_2000_instant,2,365,0,1.0,,3.2252,1.0,,29174580,15532116,4436507,7381998,0,0,120120,12166973,7419652,19586625,540000,839880,140000.0,70000.0,180000.0,1934.7212190739976,107.2242698594353,577200,529800
launch_2000_instant,3,365,0,1.0,,3.2299999999999995,1.0,,29493000,15624684,4289182,7461777,0,0,121280,12076166,7375923,19452089,540000,838720,140000.0,70000.0,180000.0,1934.7212190739976,107.2242698594353,577200,529800
launch_2000_instant,4,365,0,1.0,,3.1834,1.0,,29258100,15532316,4470220,7653250,0,0,111840,12103017,7246269,19349286,540000,848160,140000.0,70000.0,180000.0,1934.7212190739976,107.2242698594353,577200,529800
launch_2000_instant,5,365,0,1.0,,3.182,1.0,,29837520,15672078,4323600,7542725,0,0,105440,12043843,7409110,19452953,540000,854560,140000.0,70000.0,180000.0,1934.7212190739976,107.2242698594353,577200,529800
steady_fresh20,1,365,1,1.0,,1.0,1.0,,38106000,10341820,0,3886648,0,0,360,9665749,3789423,13455172,540000,959640,140000.0,70000.0,180000.0,1934.7212190739976,107.2242698594353,6029,341808
steady_fresh20,2,365,1,1.0,,1.0,1.0,,38106000,10264962,0,3734977,0,0,600,9657045,3872940,13529985,540000,959400,140000.0,70000.0,180000.0,1928.0505686889744,107.2242698594353,6071,340426
steady_fresh20,3,365,1,1.0,,1.0,1.0,,38106000,10477484,0,3878301,0,0,400,9703346,3895837,13599183,540000,959600,140000.0,70000.0,180000.0,1934.7212190739976,107.2242698594353,6668,344050
steady_fresh20,4,365,1,1.0,,1.0,1.0,,38106000,10304284,0,3809582,0,0,360,9645880,3848822,13494702,540000,959640,140000.0,70000.0,180000.0,1934.7212190739976,107.2242698594353,6011,343738
steady_fresh20,5,365,1,1.0,,1.0,1.0,,38106000,10408366,0,3813704,0,0,200,9795229,3799433,13594662,540000,959800,140000.0,70000.0,180000.0,1934.7212190739976,107.2242698594353,6598,343774
steady_fresh20_instant,1,365,1,1.0,,2.7532,1.0,,38106000,38106000,0,13243458,0,0,360,18680440,13182102,31862542,540000,959640,140000.0,70000.0,180000.0,1934.7212190739976,107.2242698594353,133531,517733
steady_fresh20_instant,2,365,1,1.0,,2.7828,1.0,,38106000,38106000,0,13082408,0,0,600,18580223,13443369,32023592,540000,959400,140000.0,70000.0,180000.0,1934.7212190739976,107.2242698594353,133410,518175
steady_fresh20_instant,3,365,1,1.0,,2.82,1.0,,38106000,38106000,0,13182098,0,0,400,18763139,13160763,31923902,540000,959600,140000.0,70000.0,180000.0,1934.7212190739976,107.2242698594353,133963,517914
steady_fresh20_instant,4,365,1,1.0,,2.7648,1.0,,38106000,38106000,0,13252278,0,0,360,18657883,13195839,31853722,540000,959640,140000.0,70000.0,180000.0,1934.7212190739976,107.2242698594353,133642,518337
steady_fresh20_instant,5,365,1,1.0,,2.7085999999999997,1.0,,38106000,38106000,0,13128486,0,0,200,18674256,13303258,31977514,540000,959800,140000.0,70000.0,180000.0,1934.7212190739976,107.2242698594353,133521,517945
supply_half_90_no_repair,1,365,0,0.7284205414592692,134,1.0,1.0,,29889720,9023408,4235041,4471326,210000,0,106680,11010742,4566381,15577123,498000,853320,140000.0,70000.0,180000.0,1934.7212190739976,107.2242698594353,577200,529800
supply_half_90_no_repair,2,365,0,0.7271845836868258,134,1.0,1.0,,29252880,8576150,4358003,4245861,210000,0,120160,10831239,4647053,15478292,498000,839840,140000.0,70000.0,180000.0,1934.7212190739976,107.2242698594353,577200,529800
supply_half_90_no_repair,3,365,0,0.7279786459597185,134,1.0,1.0,,29185020,8702456,4354972,4464516,210000,0,126360,10932775,4450137,15382912,498000,833640,140000.0,70000.0,180000.0,1934.7212190739976,107.2242698594353,577200,529800
supply_half_90_no_repair,4,365,0,0.7275372862859222,134,1.0,1.0,,29539980,8893674,4329801,4546037,210000,0,114600,10970291,4497147,15467438,498000,845400,140000.0,70000.0,180000.0,1934.7212190739976,107.2242698594353,577200,529800
supply_half_90_no_repair,5,365,0,0.7270083605961468,134,1.0,1.0,,29425140,8805102,4295920,4348044,210000,0,114720,10965804,4577174,15542978,498000,845280,140000.0,70000.0,180000.0,1934.7212190739976,107.2242698594353,577200,529800
supply_half_90_repair,1,365,0,1.0,,1.0,1.0,,29847960,8895832,4221276,4506962,210000,0,111520,10937934,4462212,15400146,318000,848480,140000.0,70000.0,180000.0,1934.7212190739976,107.2242698594353,577200,529800
supply_half_90_repair,2,365,0,1.0,,1.0,1.0,,29174580,8690908,4436507,4412184,210000,0,120120,11024654,4480577,15505231,318000,839880,140000.0,70000.0,180000.0,1934.7212190739976,107.2242698594353,577200,529800
supply_half_90_repair,3,365,0,1.0,,1.0,1.0,,29493000,8792176,4289182,4472003,210000,0,121280,10922446,4476909,15399355,318000,838720,140000.0,70000.0,180000.0,1934.7212190739976,107.2242698594353,577200,529800
supply_half_90_repair,4,365,0,1.0,,1.0,1.0,,29258100,8803234,4470220,4667919,210000,0,111840,10943381,4452154,15395535,318000,848160,140000.0,70000.0,180000.0,1934.7212190739976,107.2242698594353,577200,529800
supply_half_90_repair,5,365,0,1.0,,1.0,1.0,,29837520,8803878,4323600,4536754,210000,0,105440,10891245,4489479,15380724,318000,854560,140000.0,70000.0,180000.0,1934.7212190739976,107.2242698594353,577200,529800
bed_half_10,1,365,0,0.6530414802273552,60,1.0,1.0,,29372940,8734410,4303755,4365665,0,0,120360,11081929,4590571,15672500,540000,839640,140000.0,70000.0,180000.0,1934.7212190739976,107.2242698594353,577200,529800
bed_half_10,2,365,0,0.6538321830730113,60,1.0,1.0,,29346840,8739508,4281444,4400718,0,0,111960,11155364,4464870,15620234,540000,848040,140000.0,70000.0,180000.0,1934.7212190739976,107.2242698594353,577200,529800
bed_half_10,3,365,0,0.6550218340611353,60,1.0,1.0,,29466900,8718572,4283287,4372886,0,0,112000,11129315,4499658,15628973,540000,848000,140000.0,70000.0,180000.0,1934.7212190739976,107.2242698594353,577200,529800
bed_half_10,4,365,0,0.654624803006425,60,1.0,1.0,,29555640,8760824,4302830,4432164,0,0,120200,11138680,4492810,15631490,540000,839800,140000.0,70000.0,180000.0,1934.7212190739976,107.2242698594353,577200,529800
bed_half_10,5,365,0,0.6537530266343826,60,1.0,1.0,,29477340,8882128,4364843,4582638,0,0,110960,11134883,4529450,15664333,540000,849040,140000.0,70000.0,180000.0,1934.7212190739976,107.2242698594353,577200,529800
fuel_war_40,1,365,0,1.0,,1.0,0.5,85,29847960,8895832,4221276,4506962,0,0,111520,11147934,4462212,15610146,540000,848480,140000.0,70000.0,30000.0,1934.7212190739976,107.2242698594353,577200,529800
fuel_war_40,2,365,0,1.0,,1.0,0.5,85,29174580,8690908,4436507,4412184,0,0,120120,11234654,4480577,15715231,540000,839880,140000.0,70000.0,30000.0,1934.7212190739976,107.2242698594353,577200,529800
fuel_war_40,3,365,0,1.0,,1.0,0.5,85,29493000,8792176,4289182,4472003,0,0,121280,11132446,4476909,15609355,540000,838720,140000.0,70000.0,30000.0,1934.7212190739976,107.2242698594353,577200,529800
fuel_war_40,4,365,0,1.0,,1.0,0.5,85,29258100,8803234,4470220,4667919,0,0,111840,11153381,4452154,15605535,540000,848160,140000.0,70000.0,30000.0,1934.7212190739976,107.2242698594353,577200,529800
fuel_war_40,5,365,0,1.0,,1.0,0.5,85,29837520,8803878,4323600,4536754,0,0,105440,11101245,4489479,15590724,540000,854560,140000.0,70000.0,30000.0,1934.7212190739976,107.2242698594353,577200,529800
dormant_return_200,1,365,0,1.0,,1.0,1.0,,29686140,8875504,4265042,4579592,0,0,113000,11318032,4242922,15560954,540000,847000,140000.0,70000.0,180000.0,1934.7212190739976,107.2242698594353,577200,529800
dormant_return_200,2,365,0,1.0,,1.0,1.0,,29226780,8657098,4354018,4378638,0,0,123400,11174058,4458420,15632478,540000,836600,140000.0,70000.0,180000.0,1934.7212190739976,107.2242698594353,577200,529800
dormant_return_200,3,365,0,1.0,,1.0,1.0,,29738340,8836090,4282410,4581712,0,0,120960,11235620,4301168,15536788,540000,839040,140000.0,70000.0,180000.0,1934.7212190739976,107.2242698594353,577200,529800
dormant_return_200,4,365,0,1.0,,1.0,1.0,,29211120,8773700,4471160,4620695,0,0,109080,11271836,4352329,15624165,540000,850920,140000.0,70000.0,180000.0,1934.7212190739976,107.2242698594353,577200,529800
dormant_return_200,5,365,0,1.0,,1.0,1.0,,29639160,8756954,4339901,4532300,0,0,107720,11109540,4455015,15564555,540000,852280,140000.0,70000.0,180000.0,1934.7212190739976,107.2242698594353,577200,529800
investment_heat,1,365,0,1.0,,1.0,1.0,,29847960,8895832,4221276,4506962,0,0,111520,11147934,4462212,15610146,540000,848480,140000.0,70000.0,180000.0,1934.7212190739976,107.2242698594353,577200,529800
investment_heat,2,365,0,1.0,,1.0,1.0,,29174580,8690908,4436507,4412184,0,0,120120,11234654,4480577,15715231,540000,839880,140000.0,70000.0,180000.0,1934.7212190739976,107.2242698594353,577200,529800
investment_heat,3,365,0,1.0,,1.0,1.0,,29493000,8792176,4289182,4472003,0,0,121280,11132446,4476909,15609355,540000,838720,140000.0,70000.0,180000.0,1934.7212190739976,107.2242698594353,577200,529800
investment_heat,4,365,0,1.0,,1.0,1.0,,29258100,8803234,4470220,4667919,0,0,111840,11153381,4452154,15605535,540000,848160,140000.0,70000.0,180000.0,1934.7212190739976,107.2242698594353,577200,529800
investment_heat,5,365,0,1.0,,1.0,1.0,,29837520,8803878,4323600,4536754,0,0,105440,11101245,4489479,15590724,540000,854560,140000.0,70000.0,180000.0,1934.7212190739976,107.2242698594353,577200,529800
