id,church,number,kind,name,story_gate,recommended_level,recommended_talent_budget,recommended_calibration_rank,hp_budget,damage_scale,affixes,first_xp,first_crowns,first_essence,first_research,release_enabled
tower.s9.L.001,L,1,regular,铠甲守卫,Q02,3,8,0,1100,0.4,,10,5,1,0,False
tower.s9.L.002,L,2,regular,齿轮巡逻偶,Q02,3,8,0,1122,0.4,,10,5,1,0,False
tower.s9.L.003,L,3,regular,铠甲守卫,Q02,3,8,0,1144,0.4,,10,5,1,0,False
tower.s9.L.004,L,4,regular,地狱猎犬,Q02,3,8,0,1166,0.4,,10,5,1,0,False
tower.s9.L.005,L,5,elite,铠甲守卫＋齿轮巡逻偶,Q02,3,8,0,1210,0.4,,10,5,1,0,False
tower.s9.L.006,L,6,regular,铠甲守卫,Q02,3,8,0,1012,0.4,,10,5,1,0,False
tower.s9.L.007,L,7,regular,齿轮巡逻偶,Q02,3,8,0,1078,0.4,,10,5,1,0,False
tower.s9.L.008,L,8,regular,钟槌执事,Q02,3,8,0,1144,0.4,,10,5,1,0,False
tower.s9.L.009,L,9,regular,铠甲守卫＋地狱猎犬,Q02,3,8,0,1188,0.4,,10,5,1,0,False
tower.s9.L.010,L,10,boss,钟门司铎,Q02,3,8,0,1540,0.4,,10,25,4,1,False
tower.s9.L.011,L,11,regular,地狱猎犬,Q04,5,14,0,1450,0.48,,12,6,1,0,False
tower.s9.L.012,L,12,regular,铠甲守卫,Q04,5,14,0,1479,0.48,,12,6,1,0,False
tower.s9.L.013,L,13,regular,铠甲守卫＋齿轮巡逻偶,Q04,5,14,0,1508,0.48,,12,6,1,0,False
tower.s9.L.014,L,14,regular,钟槌执事,Q04,5,14,0,1537,0.48,,12,6,1,0,False
tower.s9.L.015,L,15,elite,钟槌执事＋齿轮巡逻偶,Q04,5,14,0,1595,0.48,,12,6,1,0,False
tower.s9.L.016,L,16,regular,齿轮巡逻偶,Q04,5,14,0,1334,0.48,,12,6,1,0,False
tower.s9.L.017,L,17,regular,铠甲守卫＋地狱猎犬,Q04,5,14,0,1421,0.48,,12,6,1,0,False
tower.s9.L.018,L,18,regular,地狱猎犬＋蜡封修女,Q04,5,14,0,1508,0.48,,12,6,1,0,False
tower.s9.L.019,L,19,regular,铠甲守卫＋齿轮巡逻偶,Q04,5,14,0,1566,0.48,,12,6,1,0,False
tower.s9.L.020,L,20,boss,钟门司铎,Q04,5,14,0,2030,0.48,,12,26,4,1,False
tower.s9.L.021,L,21,regular,铠甲守卫＋齿轮巡逻偶,Q06,7,22,0,1800,0.56,,14,7,1,0,False
tower.s9.L.022,L,22,regular,铠甲守卫＋地狱猎犬,Q06,7,22,0,1836,0.56,,14,7,1,0,False
tower.s9.L.023,L,23,regular,地狱猎犬＋蜡封修女,Q06,7,22,0,1872,0.56,,14,7,1,0,False
tower.s9.L.024,L,24,regular,钟槌执事＋齿轮巡逻偶,Q06,7,22,0,1908,0.56,,14,7,1,0,False
tower.s9.L.025,L,25,elite,门卫侍从＋蜡封修女,Q06,7,22,0,1980,0.56,,14,7,1,0,False
tower.s9.L.026,L,26,regular,齿轮巡逻偶,Q06,7,22,0,1656,0.56,,14,7,1,0,False
tower.s9.L.027,L,27,regular,门卫侍从＋地狱猎犬,Q06,7,22,0,1764,0.56,,14,7,1,0,False
tower.s9.L.028,L,28,regular,钟槌执事＋灰烬信差,Q06,7,22,0,1872,0.56,,14,7,1,0,False
tower.s9.L.029,L,29,regular,铠甲守卫＋齿轮巡逻偶＋蜡封修女,Q06,7,22,0,1944,0.56,,14,7,1,0,False
tower.s9.L.030,L,30,boss,钟门司铎,Q06,7,22,0,2520,0.56,,14,27,4,1,False
tower.s9.L.031,L,31,regular,地狱猎犬＋蜡封修女,Q08,10,30,0,2150,0.64,heal_advance,0,8,1,0,False
tower.s9.L.032,L,32,regular,钟槌执事＋齿轮巡逻偶,Q08,10,30,0,2193,0.64,entry_stagger,0,8,1,0,False
tower.s9.L.033,L,33,regular,门卫侍从＋蜡封修女,Q08,10,30,0,2236,0.64,heal_advance,0,8,1,0,False
tower.s9.L.034,L,34,regular,铠甲守卫＋灰烬信差,Q08,10,30,0,2279,0.64,entry_stagger,0,8,1,0,False
tower.s9.L.035,L,35,elite,门卫侍从＋地狱猎犬,Q08,10,30,0,2365,0.64,entry_stagger,0,8,1,0,False
tower.s9.L.036,L,36,regular,地狱猎犬,Q08,10,30,0,1978,0.64,,0,8,1,0,False
tower.s9.L.037,L,37,regular,铠甲守卫＋齿轮巡逻偶＋蜡封修女,Q08,10,30,0,2107,0.64,heal_advance,0,8,1,0,False
tower.s9.L.038,L,38,regular,门卫侍从＋蜡封修女＋齿轮巡逻偶,Q08,10,30,0,2236,0.64,entry_stagger,0,8,1,0,False
tower.s9.L.039,L,39,regular,铠甲守卫＋齿轮巡逻偶,Q08,10,30,0,2322,0.64,entry_stagger,0,8,1,0,False
tower.s9.L.040,L,40,boss,钟门司铎,Q08,10,30,0,3010,0.64,,0,28,4,1,False
tower.s9.L.041,L,41,regular,门卫侍从＋蜡封修女,Q08,10,30,1,2500,0.72,entry_stagger,0,9,2,0,False
tower.s9.L.042,L,42,regular,铠甲守卫＋灰烬信差,Q08,10,30,1,2550,0.72,ash_quick,0,9,2,0,False
tower.s9.L.043,L,43,regular,门卫侍从＋地狱猎犬,Q08,10,30,1,2600,0.72,entry_stagger,0,9,2,0,False
tower.s9.L.044,L,44,regular,钟槌执事＋灰烬信差,Q08,10,30,1,2650,0.72,entry_stagger,0,9,2,0,False
tower.s9.L.045,L,45,elite,铠甲守卫＋齿轮巡逻偶＋蜡封修女,Q08,10,30,1,2750,0.72,entry_stagger,0,9,2,0,False
tower.s9.L.046,L,46,regular,铠甲守卫,Q08,10,30,1,2300,0.72,,0,9,2,0,False
tower.s9.L.047,L,47,regular,门卫侍从＋蜡封修女,Q08,10,30,1,2450,0.72,heal_advance,0,9,2,0,False
tower.s9.L.048,L,48,regular,铠甲守卫＋地狱猎犬,Q08,10,30,1,2600,0.72,entry_stagger,0,9,2,0,False
tower.s9.L.049,L,49,regular,地狱猎犬＋蜡封修女,Q08,10,30,1,2700,0.72,entry_stagger,0,9,2,0,False
tower.s9.L.050,L,50,boss,钟门司铎,Q08,10,30,1,3500,0.72,,0,29,5,1,False
tower.s9.L.051,L,51,regular,门卫侍从＋地狱猎犬,Q08,10,30,2,2850,0.8,entry_stagger,0,10,2,0,False
tower.s9.L.052,L,52,regular,钟槌执事＋灰烬信差,Q08,10,30,2,2907,0.8,ash_quick,0,10,2,0,False
tower.s9.L.053,L,53,regular,铠甲守卫＋齿轮巡逻偶＋蜡封修女,Q08,10,30,2,2964,0.8,heal_advance,0,10,2,0,False
tower.s9.L.054,L,54,regular,门卫侍从＋蜡封修女＋齿轮巡逻偶,Q08,10,30,2,3021,0.8,guard_rotation,0,10,2,0,False
tower.s9.L.055,L,55,elite,铠甲守卫＋齿轮巡逻偶,Q08,10,30,2,3135,0.8,entry_stagger,0,10,2,0,False
tower.s9.L.056,L,56,regular,齿轮巡逻偶,Q08,10,30,2,2622,0.8,,0,10,2,0,False
tower.s9.L.057,L,57,regular,地狱猎犬＋蜡封修女,Q08,10,30,2,2793,0.8,heal_advance,0,10,2,0,False
tower.s9.L.058,L,58,regular,钟槌执事＋齿轮巡逻偶,Q08,10,30,2,2964,0.8,entry_stagger,0,10,2,0,False
tower.s9.L.059,L,59,regular,门卫侍从＋蜡封修女,Q08,10,30,2,3078,0.8,heal_advance,0,10,2,0,False
tower.s9.L.060,L,60,boss,钟门司铎,Q08,10,30,2,3990,0.8,,0,30,5,1,False
tower.s9.L.061,L,61,regular,铠甲守卫＋齿轮巡逻偶＋蜡封修女,Q08,10,30,3,3200,0.86,entry_stagger|heal_advance,0,11,2,0,False
tower.s9.L.062,L,62,regular,门卫侍从＋蜡封修女＋齿轮巡逻偶,Q08,10,30,3,3264,0.86,entry_stagger|guard_rotation,0,11,2,0,False
tower.s9.L.063,L,63,regular,铠甲守卫＋齿轮巡逻偶,Q08,10,30,3,3328,0.86,entry_stagger,0,11,2,0,False
tower.s9.L.064,L,64,regular,铠甲守卫＋地狱猎犬,Q08,10,30,3,3392,0.86,entry_stagger,0,11,2,0,False
tower.s9.L.065,L,65,elite,地狱猎犬＋蜡封修女,Q08,10,30,3,3520,0.86,entry_stagger|heal_advance,0,11,2,0,False
tower.s9.L.066,L,66,regular,地狱猎犬,Q08,10,30,3,2944,0.86,,0,11,2,0,False
tower.s9.L.067,L,67,regular,门卫侍从＋蜡封修女,Q08,10,30,3,3136,0.86,entry_stagger|heal_advance,0,11,2,0,False
tower.s9.L.068,L,68,regular,铠甲守卫＋灰烬信差,Q08,10,30,3,3328,0.86,ash_quick|entry_stagger,0,11,2,0,False
tower.s9.L.069,L,69,regular,门卫侍从＋地狱猎犬,Q08,10,30,3,3456,0.86,entry_stagger,0,11,2,0,False
tower.s9.L.070,L,70,boss,钟门司铎,Q08,10,30,3,4480,0.86,,0,31,5,1,False
tower.s9.L.071,L,71,regular,铠甲守卫＋齿轮巡逻偶,Q08,10,30,4,3500,0.92,entry_stagger,0,12,2,0,False
tower.s9.L.072,L,72,regular,铠甲守卫＋地狱猎犬,Q08,10,30,4,3570,0.92,entry_stagger,0,12,2,0,False
tower.s9.L.073,L,73,regular,地狱猎犬＋蜡封修女,Q08,10,30,4,3640,0.92,heal_advance|entry_stagger,0,12,2,0,False
tower.s9.L.074,L,74,regular,钟槌执事＋齿轮巡逻偶,Q08,10,30,4,3710,0.92,entry_stagger|charge_compact,0,12,2,0,False
tower.s9.L.075,L,75,elite,门卫侍从＋蜡封修女,Q08,10,30,4,3850,0.92,heal_advance|entry_stagger,0,12,2,0,False
tower.s9.L.076,L,76,regular,铠甲守卫,Q08,10,30,4,3220,0.92,,0,12,2,0,False
tower.s9.L.077,L,77,regular,门卫侍从＋地狱猎犬,Q08,10,30,4,3430,0.92,entry_stagger,0,12,2,0,False
tower.s9.L.078,L,78,regular,钟槌执事＋灰烬信差,Q08,10,30,4,3640,0.92,charge_compact|ash_quick,0,12,2,0,False
tower.s9.L.079,L,79,regular,铠甲守卫＋齿轮巡逻偶＋蜡封修女,Q08,10,30,4,3780,0.92,heal_advance|entry_stagger,0,12,2,0,False
tower.s9.L.080,L,80,boss,钟门司铎,Q08,10,30,4,4900,0.92,,0,32,5,1,False
tower.s9.L.081,L,81,regular,地狱猎犬＋蜡封修女,Q08,10,30,5,3800,0.96,entry_stagger|heal_advance,0,13,3,0,False
tower.s9.L.082,L,82,regular,钟槌执事＋齿轮巡逻偶,Q08,10,30,5,3876,0.96,charge_compact|entry_stagger,0,13,3,0,False
tower.s9.L.083,L,83,regular,门卫侍从＋蜡封修女,Q08,10,30,5,3952,0.96,entry_stagger|heal_advance,0,13,3,0,False
tower.s9.L.084,L,84,regular,铠甲守卫＋灰烬信差,Q08,10,30,5,4028,0.96,ash_quick|entry_stagger,0,13,3,0,False
tower.s9.L.085,L,85,elite,门卫侍从＋地狱猎犬,Q08,10,30,5,4180,0.96,entry_stagger,0,13,3,0,False
tower.s9.L.086,L,86,regular,齿轮巡逻偶,Q08,10,30,5,3496,0.96,,0,13,3,0,False
tower.s9.L.087,L,87,regular,铠甲守卫＋齿轮巡逻偶＋蜡封修女,Q08,10,30,5,3724,0.96,entry_stagger|heal_advance,0,13,3,0,False
tower.s9.L.088,L,88,regular,门卫侍从＋蜡封修女＋齿轮巡逻偶,Q08,10,30,5,3952,0.96,heal_advance|entry_stagger,0,13,3,0,False
tower.s9.L.089,L,89,regular,铠甲守卫＋齿轮巡逻偶,Q08,10,30,5,4104,0.96,entry_stagger,0,13,3,0,False
tower.s9.L.090,L,90,boss,钟门司铎,Q08,10,30,5,5320,0.96,,0,33,6,1,False
tower.s9.L.091,L,91,regular,门卫侍从＋蜡封修女,Q08,10,30,5,4100,1.0,heal_advance|entry_stagger,0,14,3,0,False
tower.s9.L.092,L,92,regular,铠甲守卫＋灰烬信差,Q08,10,30,5,4182,1.0,entry_stagger|ash_quick,0,14,3,0,False
tower.s9.L.093,L,93,regular,门卫侍从＋地狱猎犬,Q08,10,30,5,4264,1.0,entry_stagger,0,14,3,0,False
tower.s9.L.094,L,94,regular,钟槌执事＋灰烬信差,Q08,10,30,5,4346,1.0,ash_quick|entry_stagger,0,14,3,0,False
tower.s9.L.095,L,95,elite,铠甲守卫＋齿轮巡逻偶＋蜡封修女,Q08,10,30,5,4510,1.0,heal_advance|entry_stagger,0,14,3,0,False
tower.s9.L.096,L,96,regular,地狱猎犬,Q08,10,30,5,3772,1.0,,0,14,3,0,False
tower.s9.L.097,L,97,regular,铠甲守卫＋齿轮巡逻偶,Q08,10,30,5,4018,1.0,entry_stagger,0,14,3,0,False
tower.s9.L.098,L,98,regular,铠甲守卫＋地狱猎犬,Q08,10,30,5,4264,1.0,entry_stagger,0,14,3,0,False
tower.s9.L.099,L,99,regular,地狱猎犬＋蜡封修女,Q08,10,30,5,4428,1.0,heal_advance|entry_stagger,0,14,3,0,False
tower.s9.L.100,L,100,boss,钟门司铎,Q08,10,30,5,5740,1.0,,0,34,6,1,False
tower.s9.M.001,M,1,regular,青雾幽灵,Q02,3,8,0,1100,0.4,,10,5,1,0,False
tower.s9.M.002,M,2,regular,赤雾幽灵,Q02,3,8,0,1122,0.4,,10,5,1,0,False
tower.s9.M.003,M,3,regular,门卫侍从,Q02,3,8,0,1144,0.4,,10,5,1,0,False
tower.s9.M.004,M,4,regular,蜡封修女,Q02,3,8,0,1166,0.4,,10,5,1,0,False
tower.s9.M.005,M,5,elite,青雾幽灵＋赤雾幽灵,Q02,3,8,0,1210,0.4,,10,5,1,0,False
tower.s9.M.006,M,6,regular,青雾幽灵,Q02,3,8,0,1012,0.4,,10,5,1,0,False
tower.s9.M.007,M,7,regular,门卫侍从,Q02,3,8,0,1078,0.4,,10,5,1,0,False
tower.s9.M.008,M,8,regular,赤雾幽灵,Q02,3,8,0,1144,0.4,,10,5,1,0,False
tower.s9.M.009,M,9,regular,门卫侍从＋青雾幽灵,Q02,3,8,0,1188,0.4,,10,5,1,0,False
tower.s9.M.010,M,10,boss,双名馆长,Q02,3,8,0,1540,0.4,,10,25,4,1,False
tower.s9.M.011,M,11,regular,青雾幽灵＋赤雾幽灵,Q04,5,14,0,1450,0.48,,12,6,1,0,False
tower.s9.M.012,M,12,regular,碎镜巡官,Q04,5,14,0,1479,0.48,,12,6,1,0,False
tower.s9.M.013,M,13,regular,门卫侍从＋蜡封修女,Q04,5,14,0,1508,0.48,,12,6,1,0,False
tower.s9.M.014,M,14,regular,门卫侍从＋青雾幽灵,Q04,5,14,0,1537,0.48,,12,6,1,0,False
tower.s9.M.015,M,15,elite,碎镜巡官＋赤雾幽灵,Q04,5,14,0,1595,0.48,,12,6,1,0,False
tower.s9.M.016,M,16,regular,青雾幽灵,Q04,5,14,0,1334,0.48,,12,6,1,0,False
tower.s9.M.017,M,17,regular,青雾幽灵＋齿轮巡逻偶,Q04,5,14,0,1421,0.48,,12,6,1,0,False
tower.s9.M.018,M,18,regular,门卫侍从＋蜡封修女,Q04,5,14,0,1508,0.48,,12,6,1,0,False
tower.s9.M.019,M,19,regular,青雾幽灵＋赤雾幽灵,Q04,5,14,0,1566,0.48,,12,6,1,0,False
tower.s9.M.020,M,20,boss,双名馆长,Q04,5,14,0,2030,0.48,,12,26,4,1,False
tower.s9.M.021,M,21,regular,青雾幽灵＋赤雾幽灵,Q06,7,22,0,1800,0.56,,14,7,1,0,False
tower.s9.M.022,M,22,regular,门卫侍从＋蜡封修女,Q06,7,22,0,1836,0.56,,14,7,1,0,False
tower.s9.M.023,M,23,regular,门卫侍从＋青雾幽灵,Q06,7,22,0,1872,0.56,,14,7,1,0,False
tower.s9.M.024,M,24,regular,碎镜巡官＋赤雾幽灵,Q06,7,22,0,1908,0.56,,14,7,1,0,False
tower.s9.M.025,M,25,elite,无脸登记官＋碎镜巡官,Q06,7,22,0,1980,0.56,,14,7,1,0,False
tower.s9.M.026,M,26,regular,门卫侍从,Q06,7,22,0,1656,0.56,,14,7,1,0,False
tower.s9.M.027,M,27,regular,青雾幽灵＋齿轮巡逻偶,Q06,7,22,0,1764,0.56,,14,7,1,0,False
tower.s9.M.028,M,28,regular,青雾幽灵＋赤雾幽灵＋门卫侍从,Q06,7,22,0,1872,0.56,,14,7,1,0,False
tower.s9.M.029,M,29,regular,青雾幽灵＋碎镜巡官＋蜡封修女,Q06,7,22,0,1944,0.56,,14,7,1,0,False
tower.s9.M.030,M,30,boss,双名馆长,Q06,7,22,0,2520,0.56,,14,27,4,1,False
tower.s9.M.031,M,31,regular,门卫侍从＋青雾幽灵,Q08,10,30,0,2150,0.64,shield_long,0,8,1,0,False
tower.s9.M.032,M,32,regular,碎镜巡官＋赤雾幽灵,Q08,10,30,0,2193,0.64,entry_stagger,0,8,1,0,False
tower.s9.M.033,M,33,regular,无脸登记官＋碎镜巡官,Q08,10,30,0,2236,0.64,mirror_long,0,8,1,0,False
tower.s9.M.034,M,34,regular,门卫侍从＋蜡封修女＋失名唤影者,Q08,10,30,0,2279,0.64,entry_stagger,0,8,1,0,False
tower.s9.M.035,M,35,elite,青雾幽灵＋齿轮巡逻偶,Q08,10,30,0,2365,0.64,shield_long,0,8,1,0,False
tower.s9.M.036,M,36,regular,青雾幽灵,Q08,10,30,0,1978,0.64,,0,8,1,0,False
tower.s9.M.037,M,37,regular,青雾幽灵＋碎镜巡官＋蜡封修女,Q08,10,30,0,2107,0.64,shield_long,0,8,1,0,False
tower.s9.M.038,M,38,regular,碎镜巡官,Q08,10,30,0,2236,0.64,mirror_long,0,8,1,0,False
tower.s9.M.039,M,39,regular,青雾幽灵＋赤雾幽灵,Q08,10,30,0,2322,0.64,shield_long,0,8,1,0,False
tower.s9.M.040,M,40,boss,双名馆长,Q08,10,30,0,3010,0.64,,0,28,4,1,False
tower.s9.M.041,M,41,regular,无脸登记官＋碎镜巡官,Q08,10,30,1,2500,0.72,entry_stagger,0,9,2,0,False
tower.s9.M.042,M,42,regular,门卫侍从＋蜡封修女＋失名唤影者,Q08,10,30,1,2550,0.72,heal_advance,0,9,2,0,False
tower.s9.M.043,M,43,regular,青雾幽灵＋齿轮巡逻偶,Q08,10,30,1,2600,0.72,entry_stagger,0,9,2,0,False
tower.s9.M.044,M,44,regular,青雾幽灵＋赤雾幽灵＋门卫侍从,Q08,10,30,1,2650,0.72,entry_stagger,0,9,2,0,False
tower.s9.M.045,M,45,elite,青雾幽灵＋碎镜巡官＋蜡封修女,Q08,10,30,1,2750,0.72,heal_advance,0,9,2,0,False
tower.s9.M.046,M,46,regular,赤雾幽灵,Q08,10,30,1,2300,0.72,,0,9,2,0,False
tower.s9.M.047,M,47,regular,青雾幽灵＋赤雾幽灵,Q08,10,30,1,2450,0.72,entry_stagger,0,9,2,0,False
tower.s9.M.048,M,48,regular,门卫侍从＋蜡封修女,Q08,10,30,1,2600,0.72,heal_advance,0,9,2,0,False
tower.s9.M.049,M,49,regular,门卫侍从＋青雾幽灵,Q08,10,30,1,2700,0.72,entry_stagger,0,9,2,0,False
tower.s9.M.050,M,50,boss,双名馆长,Q08,10,30,1,3500,0.72,,0,29,5,1,False
tower.s9.M.051,M,51,regular,青雾幽灵＋齿轮巡逻偶,Q08,10,30,2,2850,0.8,shield_long,0,10,2,0,False
tower.s9.M.052,M,52,regular,青雾幽灵＋赤雾幽灵＋门卫侍从,Q08,10,30,2,2907,0.8,shield_long,0,10,2,0,False
tower.s9.M.053,M,53,regular,青雾幽灵＋碎镜巡官＋蜡封修女,Q08,10,30,2,2964,0.8,mirror_long,0,10,2,0,False
tower.s9.M.054,M,54,regular,碎镜巡官,Q08,10,30,2,3021,0.8,mirror_long,0,10,2,0,False
tower.s9.M.055,M,55,elite,青雾幽灵＋赤雾幽灵,Q08,10,30,2,3135,0.8,shield_long,0,10,2,0,False
tower.s9.M.056,M,56,regular,门卫侍从,Q08,10,30,2,2622,0.8,,0,10,2,0,False
tower.s9.M.057,M,57,regular,门卫侍从＋青雾幽灵,Q08,10,30,2,2793,0.8,shield_long,0,10,2,0,False
tower.s9.M.058,M,58,regular,青雾幽灵＋赤雾幽灵,Q08,10,30,2,2964,0.8,shield_long,0,10,2,0,False
tower.s9.M.059,M,59,regular,无脸登记官＋碎镜巡官,Q08,10,30,2,3078,0.8,entry_stagger,0,10,2,0,False
tower.s9.M.060,M,60,boss,双名馆长,Q08,10,30,2,3990,0.8,,0,30,5,1,False
tower.s9.M.061,M,61,regular,青雾幽灵＋碎镜巡官＋蜡封修女,Q08,10,30,3,3200,0.86,entry_stagger|mirror_long,0,11,2,0,False
tower.s9.M.062,M,62,regular,碎镜巡官,Q08,10,30,3,3264,0.86,mirror_long,0,11,2,0,False
tower.s9.M.063,M,63,regular,青雾幽灵＋赤雾幽灵,Q08,10,30,3,3328,0.86,entry_stagger|shield_long,0,11,2,0,False
tower.s9.M.064,M,64,regular,门卫侍从＋蜡封修女,Q08,10,30,3,3392,0.86,heal_advance|entry_stagger,0,11,2,0,False
tower.s9.M.065,M,65,elite,门卫侍从＋青雾幽灵,Q08,10,30,3,3520,0.86,entry_stagger|shield_long,0,11,2,0,False
tower.s9.M.066,M,66,regular,青雾幽灵,Q08,10,30,3,2944,0.86,,0,11,2,0,False
tower.s9.M.067,M,67,regular,无脸登记官＋碎镜巡官,Q08,10,30,3,3136,0.86,audit_extended|entry_stagger,0,11,2,0,False
tower.s9.M.068,M,68,regular,门卫侍从＋蜡封修女＋失名唤影者,Q08,10,30,3,3328,0.86,heal_advance|entry_stagger,0,11,2,0,False
tower.s9.M.069,M,69,regular,青雾幽灵＋齿轮巡逻偶,Q08,10,30,3,3456,0.86,entry_stagger|shield_long,0,11,2,0,False
tower.s9.M.070,M,70,boss,双名馆长,Q08,10,30,3,4480,0.86,,0,31,5,1,False
tower.s9.M.071,M,71,regular,青雾幽灵＋赤雾幽灵,Q08,10,30,4,3500,0.92,shield_long|entry_stagger,0,12,2,0,False
tower.s9.M.072,M,72,regular,门卫侍从＋蜡封修女,Q08,10,30,4,3570,0.92,entry_stagger|heal_advance,0,12,2,0,False
tower.s9.M.073,M,73,regular,门卫侍从＋青雾幽灵,Q08,10,30,4,3640,0.92,shield_long|entry_stagger,0,12,2,0,False
tower.s9.M.074,M,74,regular,碎镜巡官＋赤雾幽灵,Q08,10,30,4,3710,0.92,entry_stagger|mirror_long,0,12,2,0,False
tower.s9.M.075,M,75,elite,无脸登记官＋碎镜巡官,Q08,10,30,4,3850,0.92,mirror_long|audit_extended,0,12,2,0,False
tower.s9.M.076,M,76,regular,赤雾幽灵,Q08,10,30,4,3220,0.92,,0,12,2,0,False
tower.s9.M.077,M,77,regular,青雾幽灵＋齿轮巡逻偶,Q08,10,30,4,3430,0.92,shield_long|entry_stagger,0,12,2,0,False
tower.s9.M.078,M,78,regular,青雾幽灵＋赤雾幽灵＋门卫侍从,Q08,10,30,4,3640,0.92,guard_rotation|shield_long,0,12,2,0,False
tower.s9.M.079,M,79,regular,青雾幽灵＋碎镜巡官＋蜡封修女,Q08,10,30,4,3780,0.92,mirror_long|heal_advance,0,12,2,0,False
tower.s9.M.080,M,80,boss,双名馆长,Q08,10,30,4,4900,0.92,,0,32,5,1,False
tower.s9.M.081,M,81,regular,门卫侍从＋青雾幽灵,Q08,10,30,5,3800,0.96,entry_stagger|shield_long,0,13,3,0,False
tower.s9.M.082,M,82,regular,碎镜巡官＋赤雾幽灵,Q08,10,30,5,3876,0.96,mirror_long|entry_stagger,0,13,3,0,False
tower.s9.M.083,M,83,regular,无脸登记官＋碎镜巡官,Q08,10,30,5,3952,0.96,entry_stagger|mirror_long,0,13,3,0,False
tower.s9.M.084,M,84,regular,门卫侍从＋蜡封修女＋失名唤影者,Q08,10,30,5,4028,0.96,guard_rotation|summon_early,0,13,3,0,False
tower.s9.M.085,M,85,elite,青雾幽灵＋齿轮巡逻偶,Q08,10,30,5,4180,0.96,entry_stagger|shield_long,0,13,3,0,False
tower.s9.M.086,M,86,regular,门卫侍从,Q08,10,30,5,3496,0.96,,0,13,3,0,False
tower.s9.M.087,M,87,regular,青雾幽灵＋碎镜巡官＋蜡封修女,Q08,10,30,5,3724,0.96,entry_stagger|mirror_long,0,13,3,0,False
tower.s9.M.088,M,88,regular,碎镜巡官,Q08,10,30,5,3952,0.96,mirror_long,0,13,3,0,False
tower.s9.M.089,M,89,regular,青雾幽灵＋赤雾幽灵,Q08,10,30,5,4104,0.96,entry_stagger|shield_long,0,13,3,0,False
tower.s9.M.090,M,90,boss,双名馆长,Q08,10,30,5,5320,0.96,,0,33,6,1,False
tower.s9.M.091,M,91,regular,无脸登记官＋碎镜巡官,Q08,10,30,5,4100,1.0,audit_extended|entry_stagger,0,14,3,0,False
tower.s9.M.092,M,92,regular,门卫侍从＋蜡封修女＋失名唤影者,Q08,10,30,5,4182,1.0,entry_stagger|guard_rotation,0,14,3,0,False
tower.s9.M.093,M,93,regular,青雾幽灵＋齿轮巡逻偶,Q08,10,30,5,4264,1.0,shield_long|entry_stagger,0,14,3,0,False
tower.s9.M.094,M,94,regular,青雾幽灵＋赤雾幽灵＋门卫侍从,Q08,10,30,5,4346,1.0,shield_long|entry_stagger,0,14,3,0,False
tower.s9.M.095,M,95,elite,青雾幽灵＋碎镜巡官＋蜡封修女,Q08,10,30,5,4510,1.0,shield_long|entry_stagger,0,14,3,0,False
tower.s9.M.096,M,96,regular,青雾幽灵,Q08,10,30,5,3772,1.0,,0,14,3,0,False
tower.s9.M.097,M,97,regular,青雾幽灵＋赤雾幽灵,Q08,10,30,5,4018,1.0,shield_long|entry_stagger,0,14,3,0,False
tower.s9.M.098,M,98,regular,门卫侍从＋蜡封修女,Q08,10,30,5,4264,1.0,entry_stagger|heal_advance,0,14,3,0,False
tower.s9.M.099,M,99,regular,门卫侍从＋青雾幽灵,Q08,10,30,5,4428,1.0,shield_long|entry_stagger,0,14,3,0,False
tower.s9.M.100,M,100,boss,双名馆长,Q08,10,30,5,5740,1.0,,0,34,6,1,False
tower.s9.A.001,A,1,regular,灰烬信差,Q02,3,8,0,1100,0.4,,10,5,1,0,False
tower.s9.A.002,A,2,regular,失名唤影者,Q02,3,8,0,1122,0.4,,10,5,1,0,False
tower.s9.A.003,A,3,regular,无脸登记官,Q02,3,8,0,1144,0.4,,10,5,1,0,False
tower.s9.A.004,A,4,regular,碎镜巡官,Q02,3,8,0,1166,0.4,,10,5,1,0,False
tower.s9.A.005,A,5,elite,失名唤影者＋灰烬信差,Q02,3,8,0,1210,0.4,,10,5,1,0,False
tower.s9.A.006,A,6,regular,灰烬信差,Q02,3,8,0,1012,0.4,,10,5,1,0,False
tower.s9.A.007,A,7,regular,失名唤影者,Q02,3,8,0,1078,0.4,,10,5,1,0,False
tower.s9.A.008,A,8,regular,灰烬信差＋齿轮巡逻偶,Q02,3,8,0,1144,0.4,,10,5,1,0,False
tower.s9.A.009,A,9,regular,无脸登记官＋失名唤影者,Q02,3,8,0,1188,0.4,,10,5,1,0,False
tower.s9.A.010,A,10,boss,失名总登记官,Q02,3,8,0,1540,0.4,,10,25,4,1,False
tower.s9.A.011,A,11,regular,无脸登记官,Q04,5,14,0,1450,0.48,,12,6,1,0,False
tower.s9.A.012,A,12,regular,失名唤影者＋灰烬信差,Q04,5,14,0,1479,0.48,,12,6,1,0,False
tower.s9.A.013,A,13,regular,钟槌执事＋灰烬信差,Q04,5,14,0,1508,0.48,,12,6,1,0,False
tower.s9.A.014,A,14,regular,碎镜巡官,Q04,5,14,0,1537,0.48,,12,6,1,0,False
tower.s9.A.015,A,15,elite,无脸登记官＋碎镜巡官,Q04,5,14,0,1595,0.48,,12,6,1,0,False
tower.s9.A.016,A,16,regular,灰烬信差,Q04,5,14,0,1334,0.48,,12,6,1,0,False
tower.s9.A.017,A,17,regular,灰烬信差＋灰烬信差,Q04,5,14,0,1421,0.48,,12,6,1,0,False
tower.s9.A.018,A,18,regular,无脸登记官＋失名唤影者,Q04,5,14,0,1508,0.48,,12,6,1,0,False
tower.s9.A.019,A,19,regular,失名唤影者＋灰烬信差,Q04,5,14,0,1566,0.48,,12,6,1,0,False
tower.s9.A.020,A,20,boss,失名总登记官,Q04,5,14,0,2030,0.48,,12,26,4,1,False
tower.s9.A.021,A,21,regular,失名唤影者＋灰烬信差,Q06,7,22,0,1800,0.56,,14,7,1,0,False
tower.s9.A.022,A,22,regular,灰烬信差＋齿轮巡逻偶,Q06,7,22,0,1836,0.56,,14,7,1,0,False
tower.s9.A.023,A,23,regular,无脸登记官＋失名唤影者,Q06,7,22,0,1872,0.56,,14,7,1,0,False
tower.s9.A.024,A,24,regular,钟槌执事＋灰烬信差,Q06,7,22,0,1908,0.56,,14,7,1,0,False
tower.s9.A.025,A,25,elite,无脸登记官＋碎镜巡官,Q06,7,22,0,1980,0.56,,14,7,1,0,False
tower.s9.A.026,A,26,regular,无脸登记官,Q06,7,22,0,1656,0.56,,14,7,1,0,False
tower.s9.A.027,A,27,regular,门卫侍从＋失名唤影者,Q06,7,22,0,1764,0.56,,14,7,1,0,False
tower.s9.A.028,A,28,regular,灰烬信差＋灰烬信差,Q06,7,22,0,1872,0.56,,14,7,1,0,False
tower.s9.A.029,A,29,regular,无脸登记官＋失名唤影者＋赤雾幽灵,Q06,7,22,0,1944,0.56,,14,7,1,0,False
tower.s9.A.030,A,30,boss,失名总登记官,Q06,7,22,0,2520,0.56,,14,27,4,1,False
tower.s9.A.031,A,31,regular,无脸登记官＋失名唤影者,Q08,10,30,0,2150,0.64,audit_extended,0,8,1,0,False
tower.s9.A.032,A,32,regular,钟槌执事＋灰烬信差,Q08,10,30,0,2193,0.64,entry_stagger,0,8,1,0,False
tower.s9.A.033,A,33,regular,无脸登记官＋碎镜巡官,Q08,10,30,0,2236,0.64,mirror_long,0,8,1,0,False
tower.s9.A.034,A,34,regular,失名唤影者＋灰烬信差＋碎镜巡官,Q08,10,30,0,2279,0.64,entry_stagger,0,8,1,0,False
tower.s9.A.035,A,35,elite,门卫侍从＋失名唤影者,Q08,10,30,0,2365,0.64,summon_early,0,8,1,0,False
tower.s9.A.036,A,36,regular,灰烬信差,Q08,10,30,0,1978,0.64,,0,8,1,0,False
tower.s9.A.037,A,37,regular,无脸登记官＋失名唤影者＋赤雾幽灵,Q08,10,30,0,2107,0.64,audit_extended,0,8,1,0,False
tower.s9.A.038,A,38,regular,灰烬信差＋门卫侍从＋蜡封修女,Q08,10,30,0,2236,0.64,entry_stagger,0,8,1,0,False
tower.s9.A.039,A,39,regular,失名唤影者＋灰烬信差,Q08,10,30,0,2322,0.64,summon_early,0,8,1,0,False
tower.s9.A.040,A,40,boss,失名总登记官,Q08,10,30,0,3010,0.64,,0,28,4,1,False
tower.s9.A.041,A,41,regular,无脸登记官＋碎镜巡官,Q08,10,30,1,2500,0.72,entry_stagger,0,9,2,0,False
tower.s9.A.042,A,42,regular,失名唤影者＋灰烬信差＋碎镜巡官,Q08,10,30,1,2550,0.72,ash_quick,0,9,2,0,False
tower.s9.A.043,A,43,regular,门卫侍从＋失名唤影者,Q08,10,30,1,2600,0.72,entry_stagger,0,9,2,0,False
tower.s9.A.044,A,44,regular,灰烬信差＋灰烬信差,Q08,10,30,1,2650,0.72,ash_quick,0,9,2,0,False
tower.s9.A.045,A,45,elite,无脸登记官＋失名唤影者＋赤雾幽灵,Q08,10,30,1,2750,0.72,summon_early,0,9,2,0,False
tower.s9.A.046,A,46,regular,失名唤影者,Q08,10,30,1,2300,0.72,,0,9,2,0,False
tower.s9.A.047,A,47,regular,失名唤影者＋灰烬信差,Q08,10,30,1,2450,0.72,entry_stagger,0,9,2,0,False
tower.s9.A.048,A,48,regular,灰烬信差＋齿轮巡逻偶,Q08,10,30,1,2600,0.72,ash_quick,0,9,2,0,False
tower.s9.A.049,A,49,regular,无脸登记官＋失名唤影者,Q08,10,30,1,2700,0.72,audit_extended,0,9,2,0,False
tower.s9.A.050,A,50,boss,失名总登记官,Q08,10,30,1,3500,0.72,,0,29,5,1,False
tower.s9.A.051,A,51,regular,门卫侍从＋失名唤影者,Q08,10,30,2,2850,0.8,summon_early,0,10,2,0,False
tower.s9.A.052,A,52,regular,灰烬信差＋灰烬信差,Q08,10,30,2,2907,0.8,entry_stagger,0,10,2,0,False
tower.s9.A.053,A,53,regular,无脸登记官＋失名唤影者＋赤雾幽灵,Q08,10,30,2,2964,0.8,entry_stagger,0,10,2,0,False
tower.s9.A.054,A,54,regular,灰烬信差＋门卫侍从＋蜡封修女,Q08,10,30,2,3021,0.8,heal_advance,0,10,2,0,False
tower.s9.A.055,A,55,elite,失名唤影者＋灰烬信差,Q08,10,30,2,3135,0.8,ash_quick,0,10,2,0,False
tower.s9.A.056,A,56,regular,无脸登记官,Q08,10,30,2,2622,0.8,,0,10,2,0,False
tower.s9.A.057,A,57,regular,无脸登记官＋失名唤影者,Q08,10,30,2,2793,0.8,summon_early,0,10,2,0,False
tower.s9.A.058,A,58,regular,钟槌执事＋灰烬信差,Q08,10,30,2,2964,0.8,ash_quick,0,10,2,0,False
tower.s9.A.059,A,59,regular,无脸登记官＋碎镜巡官,Q08,10,30,2,3078,0.8,entry_stagger,0,10,2,0,False
tower.s9.A.060,A,60,boss,失名总登记官,Q08,10,30,2,3990,0.8,,0,30,5,1,False
tower.s9.A.061,A,61,regular,无脸登记官＋失名唤影者＋赤雾幽灵,Q08,10,30,3,3200,0.86,audit_extended|entry_stagger,0,11,2,0,False
tower.s9.A.062,A,62,regular,灰烬信差＋门卫侍从＋蜡封修女,Q08,10,30,3,3264,0.86,guard_rotation|heal_advance,0,11,2,0,False
tower.s9.A.063,A,63,regular,失名唤影者＋灰烬信差,Q08,10,30,3,3328,0.86,summon_early|ash_quick,0,11,2,0,False
tower.s9.A.064,A,64,regular,灰烬信差＋齿轮巡逻偶,Q08,10,30,3,3392,0.86,ash_quick|entry_stagger,0,11,2,0,False
tower.s9.A.065,A,65,elite,无脸登记官＋失名唤影者,Q08,10,30,3,3520,0.86,entry_stagger|summon_early,0,11,2,0,False
tower.s9.A.066,A,66,regular,灰烬信差,Q08,10,30,3,2944,0.86,,0,11,2,0,False
tower.s9.A.067,A,67,regular,无脸登记官＋碎镜巡官,Q08,10,30,3,3136,0.86,audit_extended|entry_stagger,0,11,2,0,False
tower.s9.A.068,A,68,regular,失名唤影者＋灰烬信差＋碎镜巡官,Q08,10,30,3,3328,0.86,ash_quick|entry_stagger,0,11,2,0,False
tower.s9.A.069,A,69,regular,门卫侍从＋失名唤影者,Q08,10,30,3,3456,0.86,entry_stagger|summon_early,0,11,2,0,False
tower.s9.A.070,A,70,boss,失名总登记官,Q08,10,30,3,4480,0.86,,0,31,5,1,False
tower.s9.A.071,A,71,regular,失名唤影者＋灰烬信差,Q08,10,30,4,3500,0.92,entry_stagger|summon_early,0,12,2,0,False
tower.s9.A.072,A,72,regular,灰烬信差＋齿轮巡逻偶,Q08,10,30,4,3570,0.92,entry_stagger|ash_quick,0,12,2,0,False
tower.s9.A.073,A,73,regular,失名唤影者＋灰烬信差＋碎镜巡官,Q08,10,30,4,3640,0.92,summon_early|mirror_long,0,12,2,0,False
tower.s9.A.074,A,74,regular,钟槌执事＋灰烬信差,Q08,10,30,4,3710,0.92,entry_stagger|charge_compact,0,12,2,0,False
tower.s9.A.075,A,75,elite,无脸登记官＋碎镜巡官,Q08,10,30,4,3850,0.92,mirror_long|audit_extended,0,12,2,0,False
tower.s9.A.076,A,76,regular,失名唤影者,Q08,10,30,4,3220,0.92,,0,12,2,0,False
tower.s9.A.077,A,77,regular,门卫侍从＋失名唤影者,Q08,10,30,4,3430,0.92,summon_early|entry_stagger,0,12,2,0,False
tower.s9.A.078,A,78,regular,灰烬信差＋灰烬信差,Q08,10,30,4,3640,0.92,entry_stagger|ash_quick,0,12,2,0,False
tower.s9.A.079,A,79,regular,无脸登记官＋失名唤影者＋赤雾幽灵,Q08,10,30,4,3780,0.92,audit_extended|entry_stagger,0,12,2,0,False
tower.s9.A.080,A,80,boss,失名总登记官,Q08,10,30,4,4900,0.92,,0,32,5,1,False
tower.s9.A.081,A,81,regular,无脸登记官＋失名唤影者,Q08,10,30,5,3800,0.96,summon_early|audit_extended,0,13,3,0,False
tower.s9.A.082,A,82,regular,钟槌执事＋灰烬信差,Q08,10,30,5,3876,0.96,ash_quick|entry_stagger,0,13,3,0,False
tower.s9.A.083,A,83,regular,无脸登记官＋碎镜巡官,Q08,10,30,5,3952,0.96,entry_stagger|mirror_long,0,13,3,0,False
tower.s9.A.084,A,84,regular,失名唤影者＋灰烬信差＋碎镜巡官,Q08,10,30,5,4028,0.96,mirror_long|summon_early,0,13,3,0,False
tower.s9.A.085,A,85,elite,门卫侍从＋失名唤影者,Q08,10,30,5,4180,0.96,entry_stagger|summon_early,0,13,3,0,False
tower.s9.A.086,A,86,regular,无脸登记官,Q08,10,30,5,3496,0.96,,0,13,3,0,False
tower.s9.A.087,A,87,regular,无脸登记官＋失名唤影者＋赤雾幽灵,Q08,10,30,5,3724,0.96,summon_early|audit_extended,0,13,3,0,False
tower.s9.A.088,A,88,regular,灰烬信差＋门卫侍从＋蜡封修女,Q08,10,30,5,3952,0.96,guard_rotation|heal_advance,0,13,3,0,False
tower.s9.A.089,A,89,regular,失名唤影者＋灰烬信差,Q08,10,30,5,4104,0.96,entry_stagger|summon_early,0,13,3,0,False
tower.s9.A.090,A,90,boss,失名总登记官,Q08,10,30,5,5320,0.96,,0,33,6,1,False
tower.s9.A.091,A,91,regular,无脸登记官＋碎镜巡官,Q08,10,30,5,4100,1.0,audit_extended|entry_stagger,0,14,3,0,False
tower.s9.A.092,A,92,regular,失名唤影者＋灰烬信差＋碎镜巡官,Q08,10,30,5,4182,1.0,entry_stagger|mirror_long,0,14,3,0,False
tower.s9.A.093,A,93,regular,门卫侍从＋失名唤影者,Q08,10,30,5,4264,1.0,summon_early|entry_stagger,0,14,3,0,False
tower.s9.A.094,A,94,regular,灰烬信差＋灰烬信差,Q08,10,30,5,4346,1.0,entry_stagger|ash_quick,0,14,3,0,False
tower.s9.A.095,A,95,elite,无脸登记官＋失名唤影者＋赤雾幽灵,Q08,10,30,5,4510,1.0,entry_stagger|summon_early,0,14,3,0,False
tower.s9.A.096,A,96,regular,灰烬信差,Q08,10,30,5,3772,1.0,,0,14,3,0,False
tower.s9.A.097,A,97,regular,失名唤影者＋灰烬信差,Q08,10,30,5,4018,1.0,ash_quick|entry_stagger,0,14,3,0,False
tower.s9.A.098,A,98,regular,灰烬信差＋齿轮巡逻偶,Q08,10,30,5,4264,1.0,entry_stagger|ash_quick,0,14,3,0,False
tower.s9.A.099,A,99,regular,无脸登记官＋失名唤影者,Q08,10,30,5,4428,1.0,summon_early|audit_extended,0,14,3,0,False
tower.s9.A.100,A,100,boss,失名总登记官,Q08,10,30,5,5740,1.0,,0,34,6,1,False
