day,wages,minted,service_index,fuel_shortfall,employer_cash,bank_cash
1,120,360000,1,0,92540,1100
2,120,360000,1,0,86240,1100
3,120,360000,1,0,79940,1100
4,120,360000,1,0,73640,1100
5,120,360000,1,0,67340,1100
6,120,360000,1,0,62200,1540
7,120,360000,1,0,55900,1540
8,120,360000,1,0,49600,1540
9,120,360000,1,0,43300,1540
10,120,360000,1,0,37000,1540
11,240,360000,1,0,29140,1540
12,240,360000,1,0,22840,1540
13,240,360000,1,0,16540,1540
14,240,360000,1,0,10240,1540
15,240,360000,1,0,9940,1540
16,240,360000,1,0,11240,1540
17,240,360000,1,0,10940,1540
18,240,360000,1,0,10640,1540
19,240,360000,1,0,10340,1540
20,240,360000,1,0,10040,1540
21,360,360000,1,0,8180,1540
22,360,360000,1,0,7880,1540
23,360,360000,1,0,7580,1540
24,360,360000,1,0,7280,1540
25,360,360000,1,0,6980,1540
26,360,360000,1,0,8280,1540
27,360,360000,1,0,7980,1540
28,360,360000,1,0,7680,1540
29,360,360000,1,0,7380,1540
30,360,360000,1,0,7080,1516
31,480,360000,1,0,5620,1116
32,480,360000,1,0,5320,1116
33,480,360000,1,0,5020,1116
34,480,360000,1,0,4720,1116
35,480,360000,1,0,4420,1116
36,480,360000,1,0,5280,1556
37,480,360000,1,0,4980,1556
38,480,360000,1,0,4680,1556
39,480,360000,1,0,4380,1556
40,480,360000,1,0,4080,1556
41,600,360000,1,0,2220,1556
42,600,360000,1,0,1920,1556
43,600,360000,1,0,1620,1556
44,600,360000,1,0,1320,1556
45,600,360000,1,0,1020,1556
46,600,360000,1,0,2320,1556
47,600,360000,1,0,2020,1556
48,600,360000,1,0,1720,1556
49,600,360000,1,0,1420,1556
50,600,360000,1,0,1120,1556
51,600,360000,1,0,820,1556
52,600,360000,1,0,600,1556
53,600,360000,1,0,600,1556
54,600,360000,1,0,600,1556
55,600,360000,1,0,600,1556
56,600,360000,1,0,600,1556
57,600,360000,1,0,600,1556
58,600,360000,1,0,600,1556
59,600,360000,1,0,600,1556
60,600,360000,1,0,600,1532
61,600,360000,1,0,600,1532
62,600,360000,1,0,600,1532
63,600,360000,1,0,600,1532
64,600,360000,1,0,600,1532
65,600,360000,1,0,600,1532
66,600,360000,1,0,600,1532
67,600,360000,1,0,600,1532
68,600,360000,1,0,600,1532
69,600,360000,1,0,600,1532
70,600,360000,1,0,600,1532
71,600,360000,1,0,600,1532
72,600,360000,1,0,600,1532
73,600,360000,1,0,600,1532
74,600,360000,1,0,600,1532
75,600,360000,1,0,600,1532
76,600,360000,1,0,600,1532
77,600,360000,1,0,600,1532
78,600,360000,1,0,600,1532
79,600,360000,1,0,600,1532
80,600,360000,1,0,600,1532
81,600,360000,1,0,600,1532
82,600,360000,1,0,600,1532
83,600,360000,1,0,600,1532
84,600,360000,1,0,600,1532
85,600,360000,1,0,600,1532
86,600,360000,1,0,600,1532
87,600,360000,1,0,600,1532
88,600,360000,1,0,600,1532
89,600,360000,1,0,600,1532
90,600,360000,1,0,600,1508
91,600,360000,1,0,600,1508
92,600,360000,1,0,600,1508
93,600,360000,1,0,600,1508
94,600,360000,1,0,600,1508
95,600,360000,1,0,600,1508
96,600,360000,1,0,600,1508
97,600,360000,1,0,600,1508
98,600,360000,1,0,600,1508
99,600,360000,1,0,600,1508
100,600,360000,1,0,600,1508
101,600,360000,1,0,600,1508
102,600,360000,1,0,600,1508
103,600,360000,1,0,600,1508
104,600,360000,1,0,600,1508
105,600,360000,1,0,600,1508
106,600,360000,1,0,600,1508
107,600,360000,1,0,600,1508
108,600,360000,1,0,600,1508
109,600,360000,1,0,600,1508
110,600,360000,1,0,600,1508
111,600,360000,1,0,600,1508
112,600,360000,1,0,600,1508
113,600,360000,1,0,600,1508
114,600,360000,1,0,600,1508
115,600,360000,1,0,600,1508
116,600,360000,1,0,600,1508
117,600,360000,1,0,600,1508
118,600,360000,1,0,600,1508
119,600,360000,1,0,600,1508
120,600,360000,1,0,600,1484
121,600,360000,1,0,600,1484
122,600,360000,1,0,600,1484
123,600,360000,1,0,600,1484
124,600,360000,1,0,600,1484
125,600,360000,1,0,600,1484
126,600,360000,1,0,600,1484
127,600,360000,1,0,600,1484
128,600,360000,1,0,600,1484
129,600,360000,1,0,600,1484
130,600,360000,1,0,600,1484
131,600,360000,1,0,600,1484
132,600,360000,1,0,600,1484
133,600,360000,1,0,600,1484
134,600,360000,1,0,600,1484
135,600,360000,1,0,600,1484
136,600,360000,1,0,600,1484
137,600,360000,1,0,600,1484
138,600,360000,1,0,600,1484
139,600,360000,1,0,600,1484
140,600,360000,1,0,600,1484
141,600,360000,1,0,600,1484
142,600,360000,1,0,600,1484
143,600,360000,1,0,600,1484
144,600,360000,1,0,600,1484
145,600,360000,1,0,600,1484
146,600,360000,1,0,600,1484
147,600,360000,1,0,600,1484
148,600,360000,1,0,600,1484
149,600,360000,1,0,600,1484
150,600,360000,1,0,600,1460
151,600,360000,1,0,600,1460
152,600,360000,1,0,600,1460
153,600,360000,1,0,600,1460
154,600,360000,1,0,600,1460
155,600,360000,1,0,600,1460
156,600,360000,1,0,600,1460
157,600,360000,1,0,600,1460
158,600,360000,1,0,600,1460
159,600,360000,1,0,600,1460
160,600,360000,1,0,600,1460
161,600,360000,1,0,600,1460
162,600,360000,1,0,600,1460
163,600,360000,1,0,600,1460
164,600,360000,1,0,600,1460
165,600,360000,1,0,600,1460
166,600,360000,1,0,600,1460
167,600,360000,1,0,600,1460
168,600,360000,1,0,600,1460
169,600,360000,1,0,600,1460
170,600,360000,1,0,600,1460
171,600,360000,1,0,600,1460
172,600,360000,1,0,600,1460
173,600,360000,1,0,600,1460
174,600,360000,1,0,600,1460
175,600,360000,1,0,600,1460
176,600,360000,1,0,600,1460
177,600,360000,1,0,600,1460
178,600,360000,1,0,600,1460
179,600,360000,1,0,600,1460
180,600,360000,1,0,600,1436
