days,active_rate,pass_share,registered,basic_blocks_expected,pass_blocks_expected,basic_copper_issued,pass_extra_tradable_copper,total_allowance_copper
180,0.2,0,2000,51087.225,0.0,1430442,0,1430442
180,0.2,0.1,2000,51087.225,5117.06,1430442,143278,1573720
180,0.2,0.3,2000,51087.225,15351.179,1430442,429833,1860275
180,0.2,0.6,2000,51087.225,30702.359,1430442,859666,2290108
180,0.5,0,2000,51937.008,0.0,1454236,0,1454236
180,0.5,0.1,2000,51937.008,5193.701,1454236,145424,1599660
180,0.5,0.3,2000,51937.008,15581.102,1454236,436271,1890507
180,0.5,0.6,2000,51937.008,31162.205,1454236,872542,2326778
180,0.8,0,2000,51999.36,0.0,1455982,0,1455982
180,0.8,0.1,2000,51999.36,5199.936,1455982,145598,1601580
180,0.8,0.3,2000,51999.36,15599.808,1455982,436795,1892777
180,0.8,0.6,2000,51999.36,31199.616,1455982,873589,2329571
365,0.2,0,2000,103789.77,0.0,2906114,0,2906114
365,0.2,0.1,2000,103789.77,10397.508,2906114,291130,3197244
365,0.2,0.3,2000,103789.77,31192.525,2906114,873391,3779504
365,0.2,0.6,2000,103789.77,62385.051,2906114,1746781,4652895
365,0.5,0,2000,104992.126,0.0,2939780,0,2939780
365,0.5,0.1,2000,104992.126,10499.213,2939780,293978,3233757
365,0.5,0.3,2000,104992.126,31497.638,2939780,881934,3821713
365,0.5,0.6,2000,104992.126,62995.276,2939780,1763868,4703647
365,0.8,0,2000,105599.995,0.0,2956800,0,2956800
365,0.8,0.1,2000,105599.995,10559.999,2956800,295680,3252480
365,0.8,0.3,2000,105599.995,31679.998,2956800,887040,3843840
365,0.8,0.6,2000,105599.995,63359.997,2956800,1774080,4730880
