scenario,seed,event_id,start,end,scale,success,goods_min_fill,combat_fill,spent,products_bought,materials_bought
grid_a20_p0,20260926,evt_mist_tide_v1,35,44,0.4,True,1.0,1,1989,salve:48/48|wrap_basic:32/32,mist_fiber:32/32
grid_a20_p0,20260926,evt_harbor_blockade_v1,90,101,0.4,True,1.0,1,2635,armor_basic:20/20|weapon_basic:16/16|wrap_basic:32/32,copper_scale:24/24
grid_a20_p0,20260926,evt_pump_repair_v1,135,144,0.4,True,1.0,1,672,wrap_basic:24/24,copper_scale:28/28|shell_chip:28/28|saline_powder:20/20
grid_a20_p0,20260926,evt_steam_workshop_v1,180,197,0.4,True,1.0,1,996,wrap_basic:32/32,copper_scale:72/72|shell_chip:60/60|sinew_cord:48/48
grid_a20_p0,20260926,evt_medicinal_route_v1,235,246,0.4,True,1.0,1,672,wrap_basic:24/24,saline_powder:32/32|mist_fiber:32/32
grid_a20_p0,20260926,evt_injury_surge_v1,280,291,0.4,False,0.05,1,4112,salve:72/72|tea:2/40|wrap_basic:40/40,
grid_a20_p0,20260927,evt_mist_tide_v1,35,44,0.4,True,1.0,1,2176,salve:48/48|wrap_basic:32/32,mist_fiber:32/32
grid_a20_p0,20260927,evt_harbor_blockade_v1,90,101,0.4,True,1.0,1,2672,armor_basic:20/20|weapon_basic:16/16|wrap_basic:32/32,copper_scale:24/24
grid_a20_p0,20260927,evt_pump_repair_v1,135,144,0.4,True,1.0,1,648,wrap_basic:24/24,copper_scale:28/28|shell_chip:28/28|saline_powder:20/20
grid_a20_p0,20260927,evt_steam_workshop_v1,180,197,0.4,True,1.0,1,964,wrap_basic:32/32,copper_scale:72/72|shell_chip:60/60|sinew_cord:48/48
grid_a20_p0,20260927,evt_medicinal_route_v1,235,246,0.4,True,1.0,1,651,wrap_basic:24/24,saline_powder:32/32|mist_fiber:32/32
grid_a20_p0,20260927,evt_injury_surge_v1,280,291,0.4,False,0.175,1,4884,salve:72/72|tea:7/40|wrap_basic:40/40,
grid_a20_p0,20260928,evt_mist_tide_v1,35,44,0.4,True,1.0,1,2167,salve:48/48|wrap_basic:32/32,mist_fiber:32/32
grid_a20_p0,20260928,evt_harbor_blockade_v1,90,101,0.4,True,1.0,1,2647,armor_basic:20/20|weapon_basic:16/16|wrap_basic:32/32,copper_scale:24/24
grid_a20_p0,20260928,evt_pump_repair_v1,135,144,0.4,True,1.0,1,672,wrap_basic:24/24,copper_scale:28/28|shell_chip:28/28|saline_powder:20/20
grid_a20_p0,20260928,evt_steam_workshop_v1,180,197,0.4,True,1.0,1,996,wrap_basic:32/32,copper_scale:72/72|shell_chip:60/60|sinew_cord:48/48
grid_a20_p0,20260928,evt_medicinal_route_v1,235,246,0.4,True,1.0,1,675,wrap_basic:24/24,saline_powder:32/32|mist_fiber:32/32
grid_a20_p0,20260928,evt_injury_surge_v1,280,291,0.4,False,0.0,1,3774,salve:72/72|tea:0/40|wrap_basic:40/40,
grid_a20_p10,20260926,evt_mist_tide_v1,35,44,0.4,True,1.0,1,1989,salve:48/48|wrap_basic:32/32,mist_fiber:32/32
grid_a20_p10,20260926,evt_harbor_blockade_v1,90,101,0.4,True,1.0,1,2635,armor_basic:20/20|weapon_basic:16/16|wrap_basic:32/32,copper_scale:24/24
grid_a20_p10,20260926,evt_pump_repair_v1,135,144,0.4,True,1.0,1,672,wrap_basic:24/24,copper_scale:28/28|shell_chip:28/28|saline_powder:20/20
grid_a20_p10,20260926,evt_steam_workshop_v1,180,197,0.4,True,1.0,1,996,wrap_basic:32/32,copper_scale:72/72|shell_chip:60/60|sinew_cord:48/48
grid_a20_p10,20260926,evt_medicinal_route_v1,235,246,0.4,True,1.0,1,672,wrap_basic:24/24,saline_powder:32/32|mist_fiber:32/32
grid_a20_p10,20260926,evt_injury_surge_v1,280,291,0.4,False,0.05,1,4112,salve:72/72|tea:2/40|wrap_basic:40/40,
grid_a20_p10,20260927,evt_mist_tide_v1,35,44,0.4,True,1.0,1,2176,salve:48/48|wrap_basic:32/32,mist_fiber:32/32
grid_a20_p10,20260927,evt_harbor_blockade_v1,90,101,0.4,True,1.0,1,2672,armor_basic:20/20|weapon_basic:16/16|wrap_basic:32/32,copper_scale:24/24
grid_a20_p10,20260927,evt_pump_repair_v1,135,144,0.4,True,1.0,1,648,wrap_basic:24/24,copper_scale:28/28|shell_chip:28/28|saline_powder:20/20
grid_a20_p10,20260927,evt_steam_workshop_v1,180,197,0.4,True,1.0,1,964,wrap_basic:32/32,copper_scale:72/72|shell_chip:60/60|sinew_cord:48/48
grid_a20_p10,20260927,evt_medicinal_route_v1,235,246,0.4,True,1.0,1,651,wrap_basic:24/24,saline_powder:32/32|mist_fiber:32/32
grid_a20_p10,20260927,evt_injury_surge_v1,280,291,0.4,False,0.175,1,4884,salve:72/72|tea:7/40|wrap_basic:40/40,
grid_a20_p10,20260928,evt_mist_tide_v1,35,44,0.4,True,1.0,1,2167,salve:48/48|wrap_basic:32/32,mist_fiber:32/32
grid_a20_p10,20260928,evt_harbor_blockade_v1,90,101,0.4,True,1.0,1,2647,armor_basic:20/20|weapon_basic:16/16|wrap_basic:32/32,copper_scale:24/24
grid_a20_p10,20260928,evt_pump_repair_v1,135,144,0.4,True,1.0,1,672,wrap_basic:24/24,copper_scale:28/28|shell_chip:28/28|saline_powder:20/20
grid_a20_p10,20260928,evt_steam_workshop_v1,180,197,0.4,True,1.0,1,996,wrap_basic:32/32,copper_scale:72/72|shell_chip:60/60|sinew_cord:48/48
grid_a20_p10,20260928,evt_medicinal_route_v1,235,246,0.4,True,1.0,1,675,wrap_basic:24/24,saline_powder:32/32|mist_fiber:32/32
grid_a20_p10,20260928,evt_injury_surge_v1,280,291,0.4,False,0.0,1,3774,salve:72/72|tea:0/40|wrap_basic:40/40,
grid_a20_p30,20260926,evt_mist_tide_v1,35,44,0.4,True,1.0,1,1989,salve:48/48|wrap_basic:32/32,mist_fiber:32/32
grid_a20_p30,20260926,evt_harbor_blockade_v1,90,101,0.4,True,1.0,1,2635,armor_basic:20/20|weapon_basic:16/16|wrap_basic:32/32,copper_scale:24/24
grid_a20_p30,20260926,evt_pump_repair_v1,135,144,0.4,True,1.0,1,672,wrap_basic:24/24,copper_scale:28/28|shell_chip:28/28|saline_powder:20/20
grid_a20_p30,20260926,evt_steam_workshop_v1,180,197,0.4,True,1.0,1,996,wrap_basic:32/32,copper_scale:72/72|shell_chip:60/60|sinew_cord:48/48
grid_a20_p30,20260926,evt_medicinal_route_v1,235,246,0.4,True,1.0,1,672,wrap_basic:24/24,saline_powder:32/32|mist_fiber:32/32
grid_a20_p30,20260926,evt_injury_surge_v1,280,291,0.4,False,0.05,1,4112,salve:72/72|tea:2/40|wrap_basic:40/40,
grid_a20_p30,20260927,evt_mist_tide_v1,35,44,0.4,True,1.0,1,2176,salve:48/48|wrap_basic:32/32,mist_fiber:32/32
grid_a20_p30,20260927,evt_harbor_blockade_v1,90,101,0.4,True,1.0,1,2672,armor_basic:20/20|weapon_basic:16/16|wrap_basic:32/32,copper_scale:24/24
grid_a20_p30,20260927,evt_pump_repair_v1,135,144,0.4,True,1.0,1,648,wrap_basic:24/24,copper_scale:28/28|shell_chip:28/28|saline_powder:20/20
grid_a20_p30,20260927,evt_steam_workshop_v1,180,197,0.4,True,1.0,1,964,wrap_basic:32/32,copper_scale:72/72|shell_chip:60/60|sinew_cord:48/48
grid_a20_p30,20260927,evt_medicinal_route_v1,235,246,0.4,True,1.0,1,651,wrap_basic:24/24,saline_powder:32/32|mist_fiber:32/32
grid_a20_p30,20260927,evt_injury_surge_v1,280,291,0.4,False,0.175,1,4884,salve:72/72|tea:7/40|wrap_basic:40/40,
grid_a20_p30,20260928,evt_mist_tide_v1,35,44,0.4,True,1.0,1,2167,salve:48/48|wrap_basic:32/32,mist_fiber:32/32
grid_a20_p30,20260928,evt_harbor_blockade_v1,90,101,0.4,True,1.0,1,2647,armor_basic:20/20|weapon_basic:16/16|wrap_basic:32/32,copper_scale:24/24
grid_a20_p30,20260928,evt_pump_repair_v1,135,144,0.4,True,1.0,1,672,wrap_basic:24/24,copper_scale:28/28|shell_chip:28/28|saline_powder:20/20
grid_a20_p30,20260928,evt_steam_workshop_v1,180,197,0.4,True,1.0,1,996,wrap_basic:32/32,copper_scale:72/72|shell_chip:60/60|sinew_cord:48/48
grid_a20_p30,20260928,evt_medicinal_route_v1,235,246,0.4,True,1.0,1,675,wrap_basic:24/24,saline_powder:32/32|mist_fiber:32/32
grid_a20_p30,20260928,evt_injury_surge_v1,280,291,0.4,False,0.0,1,3774,salve:72/72|tea:0/40|wrap_basic:40/40,
grid_a20_p60,20260926,evt_mist_tide_v1,35,44,0.4,True,1.0,1,1989,salve:48/48|wrap_basic:32/32,mist_fiber:32/32
grid_a20_p60,20260926,evt_harbor_blockade_v1,90,101,0.4,True,1.0,1,2635,armor_basic:20/20|weapon_basic:16/16|wrap_basic:32/32,copper_scale:24/24
grid_a20_p60,20260926,evt_pump_repair_v1,135,144,0.4,True,1.0,1,672,wrap_basic:24/24,copper_scale:28/28|shell_chip:28/28|saline_powder:20/20
grid_a20_p60,20260926,evt_steam_workshop_v1,180,197,0.4,True,1.0,1,996,wrap_basic:32/32,copper_scale:72/72|shell_chip:60/60|sinew_cord:48/48
grid_a20_p60,20260926,evt_medicinal_route_v1,235,246,0.4,True,1.0,1,672,wrap_basic:24/24,saline_powder:32/32|mist_fiber:32/32
grid_a20_p60,20260926,evt_injury_surge_v1,280,291,0.4,False,0.05,1,4112,salve:72/72|tea:2/40|wrap_basic:40/40,
grid_a20_p60,20260927,evt_mist_tide_v1,35,44,0.4,True,1.0,1,2176,salve:48/48|wrap_basic:32/32,mist_fiber:32/32
grid_a20_p60,20260927,evt_harbor_blockade_v1,90,101,0.4,True,1.0,1,2672,armor_basic:20/20|weapon_basic:16/16|wrap_basic:32/32,copper_scale:24/24
grid_a20_p60,20260927,evt_pump_repair_v1,135,144,0.4,True,1.0,1,648,wrap_basic:24/24,copper_scale:28/28|shell_chip:28/28|saline_powder:20/20
grid_a20_p60,20260927,evt_steam_workshop_v1,180,197,0.4,True,1.0,1,964,wrap_basic:32/32,copper_scale:72/72|shell_chip:60/60|sinew_cord:48/48
grid_a20_p60,20260927,evt_medicinal_route_v1,235,246,0.4,True,1.0,1,651,wrap_basic:24/24,saline_powder:32/32|mist_fiber:32/32
grid_a20_p60,20260927,evt_injury_surge_v1,280,291,0.4,False,0.175,1,4884,salve:72/72|tea:7/40|wrap_basic:40/40,
grid_a20_p60,20260928,evt_mist_tide_v1,35,44,0.4,True,1.0,1,2167,salve:48/48|wrap_basic:32/32,mist_fiber:32/32
grid_a20_p60,20260928,evt_harbor_blockade_v1,90,101,0.4,True,1.0,1,2647,armor_basic:20/20|weapon_basic:16/16|wrap_basic:32/32,copper_scale:24/24
grid_a20_p60,20260928,evt_pump_repair_v1,135,144,0.4,True,1.0,1,672,wrap_basic:24/24,copper_scale:28/28|shell_chip:28/28|saline_powder:20/20
grid_a20_p60,20260928,evt_steam_workshop_v1,180,197,0.4,True,1.0,1,996,wrap_basic:32/32,copper_scale:72/72|shell_chip:60/60|sinew_cord:48/48
grid_a20_p60,20260928,evt_medicinal_route_v1,235,246,0.4,True,1.0,1,675,wrap_basic:24/24,saline_powder:32/32|mist_fiber:32/32
grid_a20_p60,20260928,evt_injury_surge_v1,280,291,0.4,False,0.0,1,3774,salve:72/72|tea:0/40|wrap_basic:40/40,
grid_a50_p0,20260926,evt_mist_tide_v1,35,44,1.0,True,0.925,1,8914,salve:120/120|wrap_basic:74/80,mist_fiber:80/80
grid_a50_p0,20260926,evt_harbor_blockade_v1,90,101,1.0,True,1.0,1,9788,armor_basic:50/50|weapon_basic:40/40|wrap_basic:80/80,copper_scale:60/60
grid_a50_p0,20260926,evt_pump_repair_v1,135,144,1.0,True,1.0,1,3120,wrap_basic:60/60,copper_scale:70/70|shell_chip:70/70|saline_powder:50/50
grid_a50_p0,20260926,evt_steam_workshop_v1,180,197,1.0,True,1.0,1,4290,wrap_basic:80/80,copper_scale:180/180|shell_chip:150/150|sinew_cord:120/120
grid_a50_p0,20260926,evt_medicinal_route_v1,235,246,1.0,True,1.0,1,3120,wrap_basic:60/60,saline_powder:80/80|mist_fiber:80/80
grid_a50_p0,20260926,evt_injury_surge_v1,280,291,1.0,False,0.03,1,11604,salve:180/180|tea:3/100|wrap_basic:100/100,
grid_a50_p0,20260927,evt_mist_tide_v1,35,44,1.0,True,0.9125,1,8988,salve:120/120|wrap_basic:73/80,mist_fiber:80/80
grid_a50_p0,20260927,evt_harbor_blockade_v1,90,101,1.0,True,1.0,1,9687,armor_basic:50/50|weapon_basic:40/40|wrap_basic:80/80,copper_scale:60/60
grid_a50_p0,20260927,evt_pump_repair_v1,135,144,1.0,True,1.0,1,3240,wrap_basic:60/60,copper_scale:70/70|shell_chip:70/70|saline_powder:50/50
grid_a50_p0,20260927,evt_steam_workshop_v1,180,197,1.0,True,1.0,1,4370,wrap_basic:80/80,copper_scale:180/180|shell_chip:150/150|sinew_cord:120/120
grid_a50_p0,20260927,evt_medicinal_route_v1,235,246,1.0,True,1.0,1,3120,wrap_basic:60/60,saline_powder:80/80|mist_fiber:80/80
grid_a50_p0,20260927,evt_injury_surge_v1,280,291,1.0,False,0.03,1,11799,salve:180/180|tea:3/100|wrap_basic:100/100,
grid_a50_p0,20260928,evt_mist_tide_v1,35,44,1.0,True,0.9,1,8997,salve:119/120|wrap_basic:72/80,mist_fiber:80/80
grid_a50_p0,20260928,evt_harbor_blockade_v1,90,101,1.0,True,1.0,1,9570,armor_basic:50/50|weapon_basic:40/40|wrap_basic:80/80,copper_scale:60/60
grid_a50_p0,20260928,evt_pump_repair_v1,135,144,1.0,True,1.0,1,3180,wrap_basic:60/60,copper_scale:70/70|shell_chip:70/70|saline_powder:50/50
grid_a50_p0,20260928,evt_steam_workshop_v1,180,197,1.0,True,1.0,1,4290,wrap_basic:80/80,copper_scale:180/180|shell_chip:150/150|sinew_cord:120/120
grid_a50_p0,20260928,evt_medicinal_route_v1,235,246,1.0,True,1.0,1,3120,wrap_basic:60/60,saline_powder:80/80|mist_fiber:80/80
grid_a50_p0,20260928,evt_injury_surge_v1,280,291,1.0,False,0.06,1,12810,salve:180/180|tea:6/100|wrap_basic:100/100,
grid_a50_p10,20260926,evt_mist_tide_v1,35,44,1.0,True,0.925,1,8914,salve:120/120|wrap_basic:74/80,mist_fiber:80/80
grid_a50_p10,20260926,evt_harbor_blockade_v1,90,101,1.0,True,1.0,1,9788,armor_basic:50/50|weapon_basic:40/40|wrap_basic:80/80,copper_scale:60/60
grid_a50_p10,20260926,evt_pump_repair_v1,135,144,1.0,True,1.0,1,3120,wrap_basic:60/60,copper_scale:70/70|shell_chip:70/70|saline_powder:50/50
grid_a50_p10,20260926,evt_steam_workshop_v1,180,197,1.0,True,1.0,1,4290,wrap_basic:80/80,copper_scale:180/180|shell_chip:150/150|sinew_cord:120/120
grid_a50_p10,20260926,evt_medicinal_route_v1,235,246,1.0,True,1.0,1,3120,wrap_basic:60/60,saline_powder:80/80|mist_fiber:80/80
grid_a50_p10,20260926,evt_injury_surge_v1,280,291,1.0,False,0.03,1,11604,salve:180/180|tea:3/100|wrap_basic:100/100,
grid_a50_p10,20260927,evt_mist_tide_v1,35,44,1.0,True,0.9125,1,8988,salve:120/120|wrap_basic:73/80,mist_fiber:80/80
grid_a50_p10,20260927,evt_harbor_blockade_v1,90,101,1.0,True,1.0,1,9687,armor_basic:50/50|weapon_basic:40/40|wrap_basic:80/80,copper_scale:60/60
grid_a50_p10,20260927,evt_pump_repair_v1,135,144,1.0,True,1.0,1,3240,wrap_basic:60/60,copper_scale:70/70|shell_chip:70/70|saline_powder:50/50
grid_a50_p10,20260927,evt_steam_workshop_v1,180,197,1.0,True,1.0,1,4370,wrap_basic:80/80,copper_scale:180/180|shell_chip:150/150|sinew_cord:120/120
grid_a50_p10,20260927,evt_medicinal_route_v1,235,246,1.0,True,1.0,1,3120,wrap_basic:60/60,saline_powder:80/80|mist_fiber:80/80
grid_a50_p10,20260927,evt_injury_surge_v1,280,291,1.0,False,0.03,1,11799,salve:180/180|tea:3/100|wrap_basic:100/100,
grid_a50_p10,20260928,evt_mist_tide_v1,35,44,1.0,True,0.9,1,8997,salve:119/120|wrap_basic:72/80,mist_fiber:80/80
grid_a50_p10,20260928,evt_harbor_blockade_v1,90,101,1.0,True,1.0,1,9570,armor_basic:50/50|weapon_basic:40/40|wrap_basic:80/80,copper_scale:60/60
grid_a50_p10,20260928,evt_pump_repair_v1,135,144,1.0,True,1.0,1,3180,wrap_basic:60/60,copper_scale:70/70|shell_chip:70/70|saline_powder:50/50
grid_a50_p10,20260928,evt_steam_workshop_v1,180,197,1.0,True,1.0,1,4290,wrap_basic:80/80,copper_scale:180/180|shell_chip:150/150|sinew_cord:120/120
grid_a50_p10,20260928,evt_medicinal_route_v1,235,246,1.0,True,1.0,1,3120,wrap_basic:60/60,saline_powder:80/80|mist_fiber:80/80
grid_a50_p10,20260928,evt_injury_surge_v1,280,291,1.0,False,0.06,1,12810,salve:180/180|tea:6/100|wrap_basic:100/100,
grid_a50_p30,20260926,evt_mist_tide_v1,35,44,1.0,True,0.925,1,8914,salve:120/120|wrap_basic:74/80,mist_fiber:80/80
grid_a50_p30,20260926,evt_harbor_blockade_v1,90,101,1.0,True,1.0,1,9788,armor_basic:50/50|weapon_basic:40/40|wrap_basic:80/80,copper_scale:60/60
grid_a50_p30,20260926,evt_pump_repair_v1,135,144,1.0,True,1.0,1,3120,wrap_basic:60/60,copper_scale:70/70|shell_chip:70/70|saline_powder:50/50
grid_a50_p30,20260926,evt_steam_workshop_v1,180,197,1.0,True,1.0,1,4290,wrap_basic:80/80,copper_scale:180/180|shell_chip:150/150|sinew_cord:120/120
grid_a50_p30,20260926,evt_medicinal_route_v1,235,246,1.0,True,1.0,1,3120,wrap_basic:60/60,saline_powder:80/80|mist_fiber:80/80
grid_a50_p30,20260926,evt_injury_surge_v1,280,291,1.0,False,0.03,1,11604,salve:180/180|tea:3/100|wrap_basic:100/100,
grid_a50_p30,20260927,evt_mist_tide_v1,35,44,1.0,True,0.9125,1,8988,salve:120/120|wrap_basic:73/80,mist_fiber:80/80
grid_a50_p30,20260927,evt_harbor_blockade_v1,90,101,1.0,True,1.0,1,9687,armor_basic:50/50|weapon_basic:40/40|wrap_basic:80/80,copper_scale:60/60
grid_a50_p30,20260927,evt_pump_repair_v1,135,144,1.0,True,1.0,1,3240,wrap_basic:60/60,copper_scale:70/70|shell_chip:70/70|saline_powder:50/50
grid_a50_p30,20260927,evt_steam_workshop_v1,180,197,1.0,True,1.0,1,4370,wrap_basic:80/80,copper_scale:180/180|shell_chip:150/150|sinew_cord:120/120
grid_a50_p30,20260927,evt_medicinal_route_v1,235,246,1.0,True,1.0,1,3120,wrap_basic:60/60,saline_powder:80/80|mist_fiber:80/80
grid_a50_p30,20260927,evt_injury_surge_v1,280,291,1.0,False,0.03,1,11799,salve:180/180|tea:3/100|wrap_basic:100/100,
grid_a50_p30,20260928,evt_mist_tide_v1,35,44,1.0,True,0.9,1,8997,salve:119/120|wrap_basic:72/80,mist_fiber:80/80
grid_a50_p30,20260928,evt_harbor_blockade_v1,90,101,1.0,True,1.0,1,9570,armor_basic:50/50|weapon_basic:40/40|wrap_basic:80/80,copper_scale:60/60
grid_a50_p30,20260928,evt_pump_repair_v1,135,144,1.0,True,1.0,1,3180,wrap_basic:60/60,copper_scale:70/70|shell_chip:70/70|saline_powder:50/50
grid_a50_p30,20260928,evt_steam_workshop_v1,180,197,1.0,True,1.0,1,4290,wrap_basic:80/80,copper_scale:180/180|shell_chip:150/150|sinew_cord:120/120
grid_a50_p30,20260928,evt_medicinal_route_v1,235,246,1.0,True,1.0,1,3120,wrap_basic:60/60,saline_powder:80/80|mist_fiber:80/80
grid_a50_p30,20260928,evt_injury_surge_v1,280,291,1.0,False,0.06,1,12810,salve:180/180|tea:6/100|wrap_basic:100/100,
grid_a50_p60,20260926,evt_mist_tide_v1,35,44,1.0,True,0.925,1,8914,salve:120/120|wrap_basic:74/80,mist_fiber:80/80
grid_a50_p60,20260926,evt_harbor_blockade_v1,90,101,1.0,True,1.0,1,9788,armor_basic:50/50|weapon_basic:40/40|wrap_basic:80/80,copper_scale:60/60
grid_a50_p60,20260926,evt_pump_repair_v1,135,144,1.0,True,1.0,1,3120,wrap_basic:60/60,copper_scale:70/70|shell_chip:70/70|saline_powder:50/50
grid_a50_p60,20260926,evt_steam_workshop_v1,180,197,1.0,True,1.0,1,4290,wrap_basic:80/80,copper_scale:180/180|shell_chip:150/150|sinew_cord:120/120
grid_a50_p60,20260926,evt_medicinal_route_v1,235,246,1.0,True,1.0,1,3120,wrap_basic:60/60,saline_powder:80/80|mist_fiber:80/80
grid_a50_p60,20260926,evt_injury_surge_v1,280,291,1.0,False,0.03,1,11604,salve:180/180|tea:3/100|wrap_basic:100/100,
grid_a50_p60,20260927,evt_mist_tide_v1,35,44,1.0,True,0.9125,1,8988,salve:120/120|wrap_basic:73/80,mist_fiber:80/80
grid_a50_p60,20260927,evt_harbor_blockade_v1,90,101,1.0,True,1.0,1,9687,armor_basic:50/50|weapon_basic:40/40|wrap_basic:80/80,copper_scale:60/60
grid_a50_p60,20260927,evt_pump_repair_v1,135,144,1.0,True,1.0,1,3240,wrap_basic:60/60,copper_scale:70/70|shell_chip:70/70|saline_powder:50/50
grid_a50_p60,20260927,evt_steam_workshop_v1,180,197,1.0,True,1.0,1,4370,wrap_basic:80/80,copper_scale:180/180|shell_chip:150/150|sinew_cord:120/120
grid_a50_p60,20260927,evt_medicinal_route_v1,235,246,1.0,True,1.0,1,3120,wrap_basic:60/60,saline_powder:80/80|mist_fiber:80/80
grid_a50_p60,20260927,evt_injury_surge_v1,280,291,1.0,False,0.03,1,11799,salve:180/180|tea:3/100|wrap_basic:100/100,
grid_a50_p60,20260928,evt_mist_tide_v1,35,44,1.0,True,0.9,1,8997,salve:119/120|wrap_basic:72/80,mist_fiber:80/80
grid_a50_p60,20260928,evt_harbor_blockade_v1,90,101,1.0,True,1.0,1,9570,armor_basic:50/50|weapon_basic:40/40|wrap_basic:80/80,copper_scale:60/60
grid_a50_p60,20260928,evt_pump_repair_v1,135,144,1.0,True,1.0,1,3180,wrap_basic:60/60,copper_scale:70/70|shell_chip:70/70|saline_powder:50/50
grid_a50_p60,20260928,evt_steam_workshop_v1,180,197,1.0,True,1.0,1,4290,wrap_basic:80/80,copper_scale:180/180|shell_chip:150/150|sinew_cord:120/120
grid_a50_p60,20260928,evt_medicinal_route_v1,235,246,1.0,True,1.0,1,3120,wrap_basic:60/60,saline_powder:80/80|mist_fiber:80/80
grid_a50_p60,20260928,evt_injury_surge_v1,280,291,1.0,False,0.06,1,12810,salve:180/180|tea:6/100|wrap_basic:100/100,
grid_a80_p0,20260926,evt_mist_tide_v1,35,44,1.5,True,0.7,1,13500,salve:126/180|wrap_basic:84/120,mist_fiber:90/120
grid_a80_p0,20260926,evt_harbor_blockade_v1,90,101,1.5,True,1.0,1,17144,armor_basic:75/75|weapon_basic:60/60|wrap_basic:120/120,copper_scale:90/90
grid_a80_p0,20260926,evt_pump_repair_v1,135,144,1.5,True,1.0,1,8955,wrap_basic:90/90,copper_scale:105/105|shell_chip:105/105|saline_powder:75/75
grid_a80_p0,20260926,evt_steam_workshop_v1,180,197,1.5,True,1.0,1,12620,wrap_basic:120/120,copper_scale:270/270|shell_chip:225/225|sinew_cord:180/180
grid_a80_p0,20260926,evt_medicinal_route_v1,235,246,1.5,True,1.0,1,6078,wrap_basic:90/90,saline_powder:120/120|mist_fiber:120/120
grid_a80_p0,20260926,evt_injury_surge_v1,280,291,1.5,True,0.76,1,20975,salve:226/270|tea:118/150|wrap_basic:114/150,
grid_a80_p0,20260927,evt_mist_tide_v1,35,44,1.5,True,0.7,1,13500,salve:126/180|wrap_basic:84/120,mist_fiber:96/120
grid_a80_p0,20260927,evt_harbor_blockade_v1,90,101,1.5,True,1.0,1,16729,armor_basic:75/75|weapon_basic:60/60|wrap_basic:120/120,copper_scale:90/90
grid_a80_p0,20260927,evt_pump_repair_v1,135,144,1.5,True,0.9778,1,8891,wrap_basic:88/90,copper_scale:105/105|shell_chip:105/105|saline_powder:75/75
grid_a80_p0,20260927,evt_steam_workshop_v1,180,197,1.5,True,1.0,1,13647,wrap_basic:120/120,copper_scale:270/270|shell_chip:225/225|sinew_cord:180/180
grid_a80_p0,20260927,evt_medicinal_route_v1,235,246,1.5,True,1.0,1,6237,wrap_basic:90/90,saline_powder:120/120|mist_fiber:120/120
grid_a80_p0,20260927,evt_injury_surge_v1,280,291,1.5,True,0.74,1,20982,salve:214/270|tea:111/150|wrap_basic:114/150,
grid_a80_p0,20260928,evt_mist_tide_v1,35,44,1.5,False,0.6917,1,13500,salve:126/180|wrap_basic:83/120,mist_fiber:116/120
grid_a80_p0,20260928,evt_harbor_blockade_v1,90,101,1.5,True,1.0,1,16595,armor_basic:75/75|weapon_basic:60/60|wrap_basic:120/120,copper_scale:90/90
grid_a80_p0,20260928,evt_pump_repair_v1,135,144,1.5,True,1.0,1,6030,wrap_basic:90/90,copper_scale:105/105|shell_chip:105/105|saline_powder:75/75
grid_a80_p0,20260928,evt_steam_workshop_v1,180,197,1.5,True,1.0,1,10515,wrap_basic:120/120,copper_scale:270/270|shell_chip:225/225|sinew_cord:180/180
grid_a80_p0,20260928,evt_medicinal_route_v1,235,246,1.5,True,1.0,1,6680,wrap_basic:90/90,saline_powder:120/120|mist_fiber:120/120
grid_a80_p0,20260928,evt_injury_surge_v1,280,291,1.5,True,0.7,1,20996,salve:204/270|tea:111/150|wrap_basic:105/150,
grid_a80_p10,20260926,evt_mist_tide_v1,35,44,1.5,True,0.7,1,13500,salve:126/180|wrap_basic:84/120,mist_fiber:90/120
grid_a80_p10,20260926,evt_harbor_blockade_v1,90,101,1.5,True,1.0,1,17144,armor_basic:75/75|weapon_basic:60/60|wrap_basic:120/120,copper_scale:90/90
grid_a80_p10,20260926,evt_pump_repair_v1,135,144,1.5,True,1.0,1,8955,wrap_basic:90/90,copper_scale:105/105|shell_chip:105/105|saline_powder:75/75
grid_a80_p10,20260926,evt_steam_workshop_v1,180,197,1.5,True,1.0,1,12620,wrap_basic:120/120,copper_scale:270/270|shell_chip:225/225|sinew_cord:180/180
grid_a80_p10,20260926,evt_medicinal_route_v1,235,246,1.5,True,1.0,1,6078,wrap_basic:90/90,saline_powder:120/120|mist_fiber:120/120
grid_a80_p10,20260926,evt_injury_surge_v1,280,291,1.5,True,0.76,1,20975,salve:226/270|tea:118/150|wrap_basic:114/150,
grid_a80_p10,20260927,evt_mist_tide_v1,35,44,1.5,True,0.7,1,13500,salve:126/180|wrap_basic:84/120,mist_fiber:96/120
grid_a80_p10,20260927,evt_harbor_blockade_v1,90,101,1.5,True,1.0,1,16729,armor_basic:75/75|weapon_basic:60/60|wrap_basic:120/120,copper_scale:90/90
grid_a80_p10,20260927,evt_pump_repair_v1,135,144,1.5,True,0.9778,1,8891,wrap_basic:88/90,copper_scale:105/105|shell_chip:105/105|saline_powder:75/75
grid_a80_p10,20260927,evt_steam_workshop_v1,180,197,1.5,True,1.0,1,13647,wrap_basic:120/120,copper_scale:270/270|shell_chip:225/225|sinew_cord:180/180
grid_a80_p10,20260927,evt_medicinal_route_v1,235,246,1.5,True,1.0,1,6237,wrap_basic:90/90,saline_powder:120/120|mist_fiber:120/120
grid_a80_p10,20260927,evt_injury_surge_v1,280,291,1.5,True,0.74,1,20982,salve:214/270|tea:111/150|wrap_basic:114/150,
grid_a80_p10,20260928,evt_mist_tide_v1,35,44,1.5,False,0.6917,1,13500,salve:126/180|wrap_basic:83/120,mist_fiber:116/120
grid_a80_p10,20260928,evt_harbor_blockade_v1,90,101,1.5,True,1.0,1,16595,armor_basic:75/75|weapon_basic:60/60|wrap_basic:120/120,copper_scale:90/90
grid_a80_p10,20260928,evt_pump_repair_v1,135,144,1.5,True,1.0,1,6030,wrap_basic:90/90,copper_scale:105/105|shell_chip:105/105|saline_powder:75/75
grid_a80_p10,20260928,evt_steam_workshop_v1,180,197,1.5,True,1.0,1,10515,wrap_basic:120/120,copper_scale:270/270|shell_chip:225/225|sinew_cord:180/180
grid_a80_p10,20260928,evt_medicinal_route_v1,235,246,1.5,True,1.0,1,6680,wrap_basic:90/90,saline_powder:120/120|mist_fiber:120/120
grid_a80_p10,20260928,evt_injury_surge_v1,280,291,1.5,True,0.7,1,20996,salve:204/270|tea:111/150|wrap_basic:105/150,
grid_a80_p30,20260926,evt_mist_tide_v1,35,44,1.5,True,0.7,1,13500,salve:126/180|wrap_basic:84/120,mist_fiber:90/120
grid_a80_p30,20260926,evt_harbor_blockade_v1,90,101,1.5,True,1.0,1,17144,armor_basic:75/75|weapon_basic:60/60|wrap_basic:120/120,copper_scale:90/90
grid_a80_p30,20260926,evt_pump_repair_v1,135,144,1.5,True,1.0,1,8955,wrap_basic:90/90,copper_scale:105/105|shell_chip:105/105|saline_powder:75/75
grid_a80_p30,20260926,evt_steam_workshop_v1,180,197,1.5,True,1.0,1,12620,wrap_basic:120/120,copper_scale:270/270|shell_chip:225/225|sinew_cord:180/180
grid_a80_p30,20260926,evt_medicinal_route_v1,235,246,1.5,True,1.0,1,6078,wrap_basic:90/90,saline_powder:120/120|mist_fiber:120/120
grid_a80_p30,20260926,evt_injury_surge_v1,280,291,1.5,True,0.76,1,20975,salve:226/270|tea:118/150|wrap_basic:114/150,
grid_a80_p30,20260927,evt_mist_tide_v1,35,44,1.5,True,0.7,1,13500,salve:126/180|wrap_basic:84/120,mist_fiber:96/120
grid_a80_p30,20260927,evt_harbor_blockade_v1,90,101,1.5,True,1.0,1,16729,armor_basic:75/75|weapon_basic:60/60|wrap_basic:120/120,copper_scale:90/90
grid_a80_p30,20260927,evt_pump_repair_v1,135,144,1.5,True,0.9778,1,8891,wrap_basic:88/90,copper_scale:105/105|shell_chip:105/105|saline_powder:75/75
grid_a80_p30,20260927,evt_steam_workshop_v1,180,197,1.5,True,1.0,1,13647,wrap_basic:120/120,copper_scale:270/270|shell_chip:225/225|sinew_cord:180/180
grid_a80_p30,20260927,evt_medicinal_route_v1,235,246,1.5,True,1.0,1,6237,wrap_basic:90/90,saline_powder:120/120|mist_fiber:120/120
grid_a80_p30,20260927,evt_injury_surge_v1,280,291,1.5,True,0.74,1,20982,salve:214/270|tea:111/150|wrap_basic:114/150,
grid_a80_p30,20260928,evt_mist_tide_v1,35,44,1.5,False,0.6917,1,13500,salve:126/180|wrap_basic:83/120,mist_fiber:116/120
grid_a80_p30,20260928,evt_harbor_blockade_v1,90,101,1.5,True,1.0,1,16595,armor_basic:75/75|weapon_basic:60/60|wrap_basic:120/120,copper_scale:90/90
grid_a80_p30,20260928,evt_pump_repair_v1,135,144,1.5,True,1.0,1,6030,wrap_basic:90/90,copper_scale:105/105|shell_chip:105/105|saline_powder:75/75
grid_a80_p30,20260928,evt_steam_workshop_v1,180,197,1.5,True,1.0,1,10515,wrap_basic:120/120,copper_scale:270/270|shell_chip:225/225|sinew_cord:180/180
grid_a80_p30,20260928,evt_medicinal_route_v1,235,246,1.5,True,1.0,1,6680,wrap_basic:90/90,saline_powder:120/120|mist_fiber:120/120
grid_a80_p30,20260928,evt_injury_surge_v1,280,291,1.5,True,0.7,1,20996,salve:204/270|tea:111/150|wrap_basic:105/150,
grid_a80_p60,20260926,evt_mist_tide_v1,35,44,1.5,True,0.7,1,13500,salve:126/180|wrap_basic:84/120,mist_fiber:90/120
grid_a80_p60,20260926,evt_harbor_blockade_v1,90,101,1.5,True,1.0,1,17144,armor_basic:75/75|weapon_basic:60/60|wrap_basic:120/120,copper_scale:90/90
grid_a80_p60,20260926,evt_pump_repair_v1,135,144,1.5,True,1.0,1,8955,wrap_basic:90/90,copper_scale:105/105|shell_chip:105/105|saline_powder:75/75
grid_a80_p60,20260926,evt_steam_workshop_v1,180,197,1.5,True,1.0,1,12620,wrap_basic:120/120,copper_scale:270/270|shell_chip:225/225|sinew_cord:180/180
grid_a80_p60,20260926,evt_medicinal_route_v1,235,246,1.5,True,1.0,1,6078,wrap_basic:90/90,saline_powder:120/120|mist_fiber:120/120
grid_a80_p60,20260926,evt_injury_surge_v1,280,291,1.5,True,0.76,1,20975,salve:226/270|tea:118/150|wrap_basic:114/150,
grid_a80_p60,20260927,evt_mist_tide_v1,35,44,1.5,True,0.7,1,13500,salve:126/180|wrap_basic:84/120,mist_fiber:96/120
grid_a80_p60,20260927,evt_harbor_blockade_v1,90,101,1.5,True,1.0,1,16729,armor_basic:75/75|weapon_basic:60/60|wrap_basic:120/120,copper_scale:90/90
grid_a80_p60,20260927,evt_pump_repair_v1,135,144,1.5,True,0.9778,1,8891,wrap_basic:88/90,copper_scale:105/105|shell_chip:105/105|saline_powder:75/75
grid_a80_p60,20260927,evt_steam_workshop_v1,180,197,1.5,True,1.0,1,13647,wrap_basic:120/120,copper_scale:270/270|shell_chip:225/225|sinew_cord:180/180
grid_a80_p60,20260927,evt_medicinal_route_v1,235,246,1.5,True,1.0,1,6237,wrap_basic:90/90,saline_powder:120/120|mist_fiber:120/120
grid_a80_p60,20260927,evt_injury_surge_v1,280,291,1.5,True,0.74,1,20982,salve:214/270|tea:111/150|wrap_basic:114/150,
grid_a80_p60,20260928,evt_mist_tide_v1,35,44,1.5,False,0.6917,1,13500,salve:126/180|wrap_basic:83/120,mist_fiber:116/120
grid_a80_p60,20260928,evt_harbor_blockade_v1,90,101,1.5,True,1.0,1,16595,armor_basic:75/75|weapon_basic:60/60|wrap_basic:120/120,copper_scale:90/90
grid_a80_p60,20260928,evt_pump_repair_v1,135,144,1.5,True,1.0,1,6030,wrap_basic:90/90,copper_scale:105/105|shell_chip:105/105|saline_powder:75/75
grid_a80_p60,20260928,evt_steam_workshop_v1,180,197,1.5,True,1.0,1,10515,wrap_basic:120/120,copper_scale:270/270|shell_chip:225/225|sinew_cord:180/180
grid_a80_p60,20260928,evt_medicinal_route_v1,235,246,1.5,True,1.0,1,6680,wrap_basic:90/90,saline_powder:120/120|mist_fiber:120/120
grid_a80_p60,20260928,evt_injury_surge_v1,280,291,1.5,True,0.7,1,20996,salve:204/270|tea:111/150|wrap_basic:105/150,
repeat_high,20260926,evt_mist_tide_v1,35,44,1.0,True,0.925,1,8914,salve:120/120|wrap_basic:74/80,mist_fiber:80/80
repeat_high,20260926,evt_harbor_blockade_v1,90,101,1.0,True,1.0,1,9788,armor_basic:50/50|weapon_basic:40/40|wrap_basic:80/80,copper_scale:60/60
repeat_high,20260926,evt_pump_repair_v1,135,144,1.0,True,1.0,1,3120,wrap_basic:60/60,copper_scale:70/70|shell_chip:70/70|saline_powder:50/50
repeat_high,20260926,evt_steam_workshop_v1,180,197,1.0,True,1.0,1,4290,wrap_basic:80/80,copper_scale:180/180|shell_chip:150/150|sinew_cord:120/120
repeat_high,20260926,evt_medicinal_route_v1,235,246,1.0,True,1.0,1,3120,wrap_basic:60/60,saline_powder:80/80|mist_fiber:80/80
repeat_high,20260926,evt_injury_surge_v1,280,291,1.0,False,0.03,1,11604,salve:180/180|tea:3/100|wrap_basic:100/100,
repeat_high,20260927,evt_mist_tide_v1,35,44,1.0,True,0.9125,1,8988,salve:120/120|wrap_basic:73/80,mist_fiber:80/80
repeat_high,20260927,evt_harbor_blockade_v1,90,101,1.0,True,1.0,1,9687,armor_basic:50/50|weapon_basic:40/40|wrap_basic:80/80,copper_scale:60/60
repeat_high,20260927,evt_pump_repair_v1,135,144,1.0,True,1.0,1,3240,wrap_basic:60/60,copper_scale:70/70|shell_chip:70/70|saline_powder:50/50
repeat_high,20260927,evt_steam_workshop_v1,180,197,1.0,True,1.0,1,4370,wrap_basic:80/80,copper_scale:180/180|shell_chip:150/150|sinew_cord:120/120
repeat_high,20260927,evt_medicinal_route_v1,235,246,1.0,True,1.0,1,3120,wrap_basic:60/60,saline_powder:80/80|mist_fiber:80/80
repeat_high,20260927,evt_injury_surge_v1,280,291,1.0,False,0.03,1,11799,salve:180/180|tea:3/100|wrap_basic:100/100,
repeat_high,20260928,evt_mist_tide_v1,35,44,1.0,True,0.9,1,8997,salve:119/120|wrap_basic:72/80,mist_fiber:80/80
repeat_high,20260928,evt_harbor_blockade_v1,90,101,1.0,True,1.0,1,9570,armor_basic:50/50|weapon_basic:40/40|wrap_basic:80/80,copper_scale:60/60
repeat_high,20260928,evt_pump_repair_v1,135,144,1.0,True,1.0,1,3180,wrap_basic:60/60,copper_scale:70/70|shell_chip:70/70|saline_powder:50/50
repeat_high,20260928,evt_steam_workshop_v1,180,197,1.0,True,1.0,1,4290,wrap_basic:80/80,copper_scale:180/180|shell_chip:150/150|sinew_cord:120/120
repeat_high,20260928,evt_medicinal_route_v1,235,246,1.0,True,1.0,1,3120,wrap_basic:60/60,saline_powder:80/80|mist_fiber:80/80
repeat_high,20260928,evt_injury_surge_v1,280,291,1.0,False,0.06,1,12810,salve:180/180|tea:6/100|wrap_basic:100/100,
hoarding,20260926,evt_mist_tide_v1,35,44,1.0,True,0.925,1,8914,salve:120/120|wrap_basic:74/80,mist_fiber:80/80
hoarding,20260926,evt_harbor_blockade_v1,90,101,1.0,True,1.0,1,9788,armor_basic:50/50|weapon_basic:40/40|wrap_basic:80/80,copper_scale:60/60
hoarding,20260926,evt_pump_repair_v1,135,144,1.0,True,1.0,1,3170,wrap_basic:60/60,copper_scale:70/70|shell_chip:70/70|saline_powder:50/50
hoarding,20260926,evt_steam_workshop_v1,180,197,1.0,True,1.0,1,4290,wrap_basic:80/80,copper_scale:180/180|shell_chip:150/150|sinew_cord:120/120
hoarding,20260926,evt_medicinal_route_v1,235,246,1.0,True,1.0,1,3120,wrap_basic:60/60,saline_powder:80/80|mist_fiber:80/80
hoarding,20260926,evt_injury_surge_v1,280,291,1.0,True,0.76,1,13972,salve:150/180|tea:83/100|wrap_basic:76/100,
hoarding,20260927,evt_mist_tide_v1,35,44,1.0,True,0.9125,1,8988,salve:120/120|wrap_basic:73/80,mist_fiber:80/80
hoarding,20260927,evt_harbor_blockade_v1,90,101,1.0,True,1.0,1,9687,armor_basic:50/50|weapon_basic:40/40|wrap_basic:80/80,copper_scale:60/60
hoarding,20260927,evt_pump_repair_v1,135,144,1.0,True,1.0,1,3290,wrap_basic:60/60,copper_scale:70/70|shell_chip:70/70|saline_powder:50/50
hoarding,20260927,evt_steam_workshop_v1,180,197,1.0,True,1.0,1,4370,wrap_basic:80/80,copper_scale:180/180|shell_chip:150/150|sinew_cord:120/120
hoarding,20260927,evt_medicinal_route_v1,235,246,1.0,True,1.0,1,3120,wrap_basic:60/60,saline_powder:80/80|mist_fiber:80/80
hoarding,20260927,evt_injury_surge_v1,280,291,1.0,True,0.78,1,13982,salve:150/180|tea:82/100|wrap_basic:78/100,
hoarding,20260928,evt_mist_tide_v1,35,44,1.0,True,0.9,1,8997,salve:119/120|wrap_basic:72/80,mist_fiber:80/80
hoarding,20260928,evt_harbor_blockade_v1,90,101,1.0,True,1.0,1,9570,armor_basic:50/50|weapon_basic:40/40|wrap_basic:80/80,copper_scale:60/60
hoarding,20260928,evt_pump_repair_v1,135,144,1.0,True,1.0,1,3230,wrap_basic:60/60,copper_scale:70/70|shell_chip:70/70|saline_powder:50/50
hoarding,20260928,evt_steam_workshop_v1,180,197,1.0,True,1.0,1,4290,wrap_basic:80/80,copper_scale:180/180|shell_chip:150/150|sinew_cord:120/120
hoarding,20260928,evt_medicinal_route_v1,235,246,1.0,True,1.0,1,3120,wrap_basic:60/60,saline_powder:80/80|mist_fiber:80/80
hoarding,20260928,evt_injury_surge_v1,280,291,1.0,True,0.79,1,13971,salve:150/180|tea:84/100|wrap_basic:79/100,
potion_shortage,20260926,evt_mist_tide_v1,35,44,1.0,False,0.0125,1,8985,salve:5/120|wrap_basic:1/80,mist_fiber:7/80
potion_shortage,20260926,evt_harbor_blockade_v1,90,101,1.0,True,0.925,1,13956,armor_basic:50/50|weapon_basic:37/40|wrap_basic:74/80,copper_scale:60/60
potion_shortage,20260926,evt_pump_repair_v1,135,144,1.0,True,1.0,1,3220,wrap_basic:60/60,copper_scale:70/70|shell_chip:70/70|saline_powder:50/50
potion_shortage,20260926,evt_steam_workshop_v1,180,197,1.0,True,1.0,1,4410,wrap_basic:80/80,copper_scale:180/180|shell_chip:150/150|sinew_cord:120/120
potion_shortage,20260926,evt_medicinal_route_v1,235,246,1.0,True,1.0,1,3120,wrap_basic:60/60,saline_powder:80/80|mist_fiber:80/80
potion_shortage,20260926,evt_injury_surge_v1,280,291,1.0,True,0.79,1,13988,salve:151/180|tea:84/100|wrap_basic:79/100,
potion_shortage,20260927,evt_mist_tide_v1,35,44,1.0,False,0.0,1,9000,salve:0/120|wrap_basic:0/80,mist_fiber:6/80
potion_shortage,20260927,evt_harbor_blockade_v1,90,101,1.0,True,0.875,1,13960,armor_basic:46/50|weapon_basic:37/40|wrap_basic:70/80,copper_scale:60/60
potion_shortage,20260927,evt_pump_repair_v1,135,144,1.0,True,1.0,1,3220,wrap_basic:60/60,copper_scale:70/70|shell_chip:70/70|saline_powder:50/50
potion_shortage,20260927,evt_steam_workshop_v1,180,197,1.0,True,1.0,1,4410,wrap_basic:80/80,copper_scale:180/180|shell_chip:150/150|sinew_cord:120/120
potion_shortage,20260927,evt_medicinal_route_v1,235,246,1.0,True,1.0,1,3120,wrap_basic:60/60,saline_powder:80/80|mist_fiber:80/80
potion_shortage,20260927,evt_injury_surge_v1,280,291,1.0,True,0.8,1,13985,salve:150/180|tea:85/100|wrap_basic:80/100,
potion_shortage,20260928,evt_mist_tide_v1,35,44,1.0,False,0.0125,1,8999,salve:7/120|wrap_basic:1/80,mist_fiber:7/80
potion_shortage,20260928,evt_harbor_blockade_v1,90,101,1.0,True,0.85,1,13966,armor_basic:45/50|weapon_basic:34/40|wrap_basic:69/80,copper_scale:60/60
potion_shortage,20260928,evt_pump_repair_v1,135,144,1.0,True,1.0,1,3220,wrap_basic:60/60,copper_scale:70/70|shell_chip:70/70|saline_powder:50/50
potion_shortage,20260928,evt_steam_workshop_v1,180,197,1.0,True,1.0,1,4410,wrap_basic:80/80,copper_scale:180/180|shell_chip:150/150|sinew_cord:120/120
potion_shortage,20260928,evt_medicinal_route_v1,235,246,1.0,True,1.0,1,3120,wrap_basic:60/60,saline_powder:80/80|mist_fiber:80/80
potion_shortage,20260928,evt_injury_surge_v1,280,291,1.0,True,0.79,1,13993,salve:150/180|tea:79/100|wrap_basic:82/100,
potion_glut,20260926,evt_mist_tide_v1,35,44,1.0,True,0.9375,1,8953,salve:120/120|wrap_basic:75/80,mist_fiber:80/80
potion_glut,20260926,evt_harbor_blockade_v1,90,101,1.0,True,1.0,1,9779,armor_basic:50/50|weapon_basic:40/40|wrap_basic:80/80,copper_scale:60/60
potion_glut,20260926,evt_pump_repair_v1,135,144,1.0,True,1.0,1,3258,wrap_basic:60/60,copper_scale:70/70|shell_chip:70/70|saline_powder:50/50
potion_glut,20260926,evt_steam_workshop_v1,180,197,1.0,True,1.0,1,6184,wrap_basic:80/80,copper_scale:180/180|shell_chip:150/150|sinew_cord:120/120
potion_glut,20260926,evt_medicinal_route_v1,235,246,1.0,True,1.0,1,3375,wrap_basic:60/60,saline_powder:80/80|mist_fiber:80/80
potion_glut,20260926,evt_injury_surge_v1,280,291,1.0,True,1.0,1,12477,salve:180/180|tea:100/100|wrap_basic:100/100,
potion_glut,20260927,evt_mist_tide_v1,35,44,1.0,True,0.925,1,8942,salve:120/120|wrap_basic:74/80,mist_fiber:80/80
potion_glut,20260927,evt_harbor_blockade_v1,90,101,1.0,True,1.0,1,9779,armor_basic:50/50|weapon_basic:40/40|wrap_basic:80/80,copper_scale:60/60
potion_glut,20260927,evt_pump_repair_v1,135,144,1.0,True,1.0,1,3222,wrap_basic:60/60,copper_scale:70/70|shell_chip:70/70|saline_powder:50/50
potion_glut,20260927,evt_steam_workshop_v1,180,197,1.0,True,1.0,1,5185,wrap_basic:80/80,copper_scale:180/180|shell_chip:150/150|sinew_cord:120/120
potion_glut,20260927,evt_medicinal_route_v1,235,246,1.0,True,1.0,1,3415,wrap_basic:60/60,saline_powder:80/80|mist_fiber:80/80
potion_glut,20260927,evt_injury_surge_v1,280,291,1.0,True,1.0,1,11888,salve:180/180|tea:100/100|wrap_basic:100/100,
potion_glut,20260928,evt_mist_tide_v1,35,44,1.0,True,0.9125,1,8920,salve:120/120|wrap_basic:73/80,mist_fiber:80/80
potion_glut,20260928,evt_harbor_blockade_v1,90,101,1.0,True,1.0,1,10155,armor_basic:50/50|weapon_basic:40/40|wrap_basic:80/80,copper_scale:60/60
potion_glut,20260928,evt_pump_repair_v1,135,144,1.0,True,1.0,1,3708,wrap_basic:60/60,copper_scale:70/70|shell_chip:70/70|saline_powder:50/50
potion_glut,20260928,evt_steam_workshop_v1,180,197,1.0,True,1.0,1,4930,wrap_basic:80/80,copper_scale:180/180|shell_chip:150/150|sinew_cord:120/120
potion_glut,20260928,evt_medicinal_route_v1,235,246,1.0,True,1.0,1,3460,wrap_basic:60/60,saline_powder:80/80|mist_fiber:80/80
potion_glut,20260928,evt_injury_surge_v1,280,291,1.0,True,1.0,1,12477,salve:180/180|tea:100/100|wrap_basic:100/100,
event_overlap_fail,20260926,evt_mist_tide_v1,110,119,1.0,False,0.0,1,8981,salve:101/120|wrap_basic:64/80,mist_fiber:0/80
event_overlap_fail,20260926,evt_harbor_blockade_v1,112,123,1.0,False,0.5625,1,13908,armor_basic:38/50|weapon_basic:31/40|wrap_basic:45/80,copper_scale:60/60
event_overlap_fail,20260926,evt_pump_repair_v1,114,123,1.0,False,0.4833,1,5874,wrap_basic:29/60,copper_scale:70/70|shell_chip:70/70|saline_powder:50/50
event_overlap_fail,20260926,evt_injury_surge_v1,116,127,1.0,False,0.0,1,13857,salve:117/180|tea:0/100|wrap_basic:3/100,
event_overlap_fail,20260926,evt_steam_workshop_v1,180,197,1.0,True,1.0,1,6250,wrap_basic:80/80,copper_scale:180/180|shell_chip:150/150|sinew_cord:120/120
event_overlap_fail,20260926,evt_medicinal_route_v1,235,246,1.0,True,1.0,1,3200,wrap_basic:60/60,saline_powder:80/80|mist_fiber:80/80
event_overlap_fail,20260927,evt_mist_tide_v1,110,119,1.0,False,0.0,1,8988,salve:108/120|wrap_basic:64/80,mist_fiber:0/80
event_overlap_fail,20260927,evt_harbor_blockade_v1,112,123,1.0,False,0.625,1,13932,armor_basic:42/50|weapon_basic:31/40|wrap_basic:50/80,copper_scale:60/60
event_overlap_fail,20260927,evt_pump_repair_v1,114,123,1.0,False,0.45,1,5968,wrap_basic:27/60,copper_scale:70/70|shell_chip:70/70|saline_powder:50/50
event_overlap_fail,20260927,evt_injury_surge_v1,116,127,1.0,False,0.0,1,13961,salve:89/180|tea:0/100|wrap_basic:0/100,
event_overlap_fail,20260927,evt_steam_workshop_v1,180,197,1.0,True,1.0,1,6250,wrap_basic:80/80,copper_scale:180/180|shell_chip:150/150|sinew_cord:120/120
event_overlap_fail,20260927,evt_medicinal_route_v1,235,246,1.0,True,1.0,1,3200,wrap_basic:60/60,saline_powder:80/80|mist_fiber:80/80
event_overlap_fail,20260928,evt_mist_tide_v1,110,119,1.0,False,0.0167,1,9000,salve:2/120|wrap_basic:2/80,mist_fiber:2/80
event_overlap_fail,20260928,evt_harbor_blockade_v1,112,123,1.0,True,0.7875,1,13931,armor_basic:42/50|weapon_basic:34/40|wrap_basic:63/80,copper_scale:60/60
event_overlap_fail,20260928,evt_pump_repair_v1,114,123,1.0,True,0.8333,1,5955,wrap_basic:50/60,copper_scale:70/70|shell_chip:70/70|saline_powder:50/50
event_overlap_fail,20260928,evt_injury_surge_v1,116,127,1.0,False,0.0,1,13808,salve:71/180|tea:0/100|wrap_basic:0/100,
event_overlap_fail,20260928,evt_steam_workshop_v1,180,197,1.0,True,1.0,1,5210,wrap_basic:80/80,copper_scale:180/180|shell_chip:150/150|sinew_cord:120/120
event_overlap_fail,20260928,evt_medicinal_route_v1,235,246,1.0,True,1.0,1,3200,wrap_basic:60/60,saline_powder:80/80|mist_fiber:80/80
