scenario,event_id,seeds,success_count,avg_goods_min_fill,avg_combat_fill,avg_spent
grid_a20_p0,evt_mist_tide_v1,3,3,1.0,1.0,2110.67
grid_a20_p0,evt_harbor_blockade_v1,3,3,1.0,1.0,2651.33
grid_a20_p0,evt_pump_repair_v1,3,3,1.0,1.0,664.0
grid_a20_p0,evt_steam_workshop_v1,3,3,1.0,1.0,985.33
grid_a20_p0,evt_medicinal_route_v1,3,3,1.0,1.0,666.0
grid_a20_p0,evt_injury_surge_v1,3,0,0.075,1.0,4256.67
grid_a20_p10,evt_mist_tide_v1,3,3,1.0,1.0,2110.67
grid_a20_p10,evt_harbor_blockade_v1,3,3,1.0,1.0,2651.33
grid_a20_p10,evt_pump_repair_v1,3,3,1.0,1.0,664.0
grid_a20_p10,evt_steam_workshop_v1,3,3,1.0,1.0,985.33
grid_a20_p10,evt_medicinal_route_v1,3,3,1.0,1.0,666.0
grid_a20_p10,evt_injury_surge_v1,3,0,0.075,1.0,4256.67
grid_a20_p30,evt_mist_tide_v1,3,3,1.0,1.0,2110.67
grid_a20_p30,evt_harbor_blockade_v1,3,3,1.0,1.0,2651.33
grid_a20_p30,evt_pump_repair_v1,3,3,1.0,1.0,664.0
grid_a20_p30,evt_steam_workshop_v1,3,3,1.0,1.0,985.33
grid_a20_p30,evt_medicinal_route_v1,3,3,1.0,1.0,666.0
grid_a20_p30,evt_injury_surge_v1,3,0,0.075,1.0,4256.67
grid_a20_p60,evt_mist_tide_v1,3,3,1.0,1.0,2110.67
grid_a20_p60,evt_harbor_blockade_v1,3,3,1.0,1.0,2651.33
grid_a20_p60,evt_pump_repair_v1,3,3,1.0,1.0,664.0
grid_a20_p60,evt_steam_workshop_v1,3,3,1.0,1.0,985.33
grid_a20_p60,evt_medicinal_route_v1,3,3,1.0,1.0,666.0
grid_a20_p60,evt_injury_surge_v1,3,0,0.075,1.0,4256.67
grid_a50_p0,evt_mist_tide_v1,3,3,0.9125,1.0,8966.33
grid_a50_p0,evt_harbor_blockade_v1,3,3,1.0,1.0,9681.67
grid_a50_p0,evt_pump_repair_v1,3,3,1.0,1.0,3180.0
grid_a50_p0,evt_steam_workshop_v1,3,3,1.0,1.0,4316.67
grid_a50_p0,evt_medicinal_route_v1,3,3,1.0,1.0,3120.0
grid_a50_p0,evt_injury_surge_v1,3,0,0.04,1.0,12071.0
grid_a50_p10,evt_mist_tide_v1,3,3,0.9125,1.0,8966.33
grid_a50_p10,evt_harbor_blockade_v1,3,3,1.0,1.0,9681.67
grid_a50_p10,evt_pump_repair_v1,3,3,1.0,1.0,3180.0
grid_a50_p10,evt_steam_workshop_v1,3,3,1.0,1.0,4316.67
grid_a50_p10,evt_medicinal_route_v1,3,3,1.0,1.0,3120.0
grid_a50_p10,evt_injury_surge_v1,3,0,0.04,1.0,12071.0
grid_a50_p30,evt_mist_tide_v1,3,3,0.9125,1.0,8966.33
grid_a50_p30,evt_harbor_blockade_v1,3,3,1.0,1.0,9681.67
grid_a50_p30,evt_pump_repair_v1,3,3,1.0,1.0,3180.0
grid_a50_p30,evt_steam_workshop_v1,3,3,1.0,1.0,4316.67
grid_a50_p30,evt_medicinal_route_v1,3,3,1.0,1.0,3120.0
grid_a50_p30,evt_injury_surge_v1,3,0,0.04,1.0,12071.0
grid_a50_p60,evt_mist_tide_v1,3,3,0.9125,1.0,8966.33
grid_a50_p60,evt_harbor_blockade_v1,3,3,1.0,1.0,9681.67
grid_a50_p60,evt_pump_repair_v1,3,3,1.0,1.0,3180.0
grid_a50_p60,evt_steam_workshop_v1,3,3,1.0,1.0,4316.67
grid_a50_p60,evt_medicinal_route_v1,3,3,1.0,1.0,3120.0
grid_a50_p60,evt_injury_surge_v1,3,0,0.04,1.0,12071.0
grid_a80_p0,evt_mist_tide_v1,3,2,0.6972,1.0,13500.0
grid_a80_p0,evt_harbor_blockade_v1,3,3,1.0,1.0,16822.67
grid_a80_p0,evt_pump_repair_v1,3,3,0.9926,1.0,7958.67
grid_a80_p0,evt_steam_workshop_v1,3,3,1.0,1.0,12260.67
grid_a80_p0,evt_medicinal_route_v1,3,3,1.0,1.0,6331.67
grid_a80_p0,evt_injury_surge_v1,3,3,0.7333,1.0,20984.33
grid_a80_p10,evt_mist_tide_v1,3,2,0.6972,1.0,13500.0
grid_a80_p10,evt_harbor_blockade_v1,3,3,1.0,1.0,16822.67
grid_a80_p10,evt_pump_repair_v1,3,3,0.9926,1.0,7958.67
grid_a80_p10,evt_steam_workshop_v1,3,3,1.0,1.0,12260.67
grid_a80_p10,evt_medicinal_route_v1,3,3,1.0,1.0,6331.67
grid_a80_p10,evt_injury_surge_v1,3,3,0.7333,1.0,20984.33
grid_a80_p30,evt_mist_tide_v1,3,2,0.6972,1.0,13500.0
grid_a80_p30,evt_harbor_blockade_v1,3,3,1.0,1.0,16822.67
grid_a80_p30,evt_pump_repair_v1,3,3,0.9926,1.0,7958.67
grid_a80_p30,evt_steam_workshop_v1,3,3,1.0,1.0,12260.67
grid_a80_p30,evt_medicinal_route_v1,3,3,1.0,1.0,6331.67
grid_a80_p30,evt_injury_surge_v1,3,3,0.7333,1.0,20984.33
grid_a80_p60,evt_mist_tide_v1,3,2,0.6972,1.0,13500.0
grid_a80_p60,evt_harbor_blockade_v1,3,3,1.0,1.0,16822.67
grid_a80_p60,evt_pump_repair_v1,3,3,0.9926,1.0,7958.67
grid_a80_p60,evt_steam_workshop_v1,3,3,1.0,1.0,12260.67
grid_a80_p60,evt_medicinal_route_v1,3,3,1.0,1.0,6331.67
grid_a80_p60,evt_injury_surge_v1,3,3,0.7333,1.0,20984.33
repeat_high,evt_mist_tide_v1,3,3,0.9125,1.0,8966.33
repeat_high,evt_harbor_blockade_v1,3,3,1.0,1.0,9681.67
repeat_high,evt_pump_repair_v1,3,3,1.0,1.0,3180.0
repeat_high,evt_steam_workshop_v1,3,3,1.0,1.0,4316.67
repeat_high,evt_medicinal_route_v1,3,3,1.0,1.0,3120.0
repeat_high,evt_injury_surge_v1,3,0,0.04,1.0,12071.0
hoarding,evt_mist_tide_v1,3,3,0.9125,1.0,8966.33
hoarding,evt_harbor_blockade_v1,3,3,1.0,1.0,9681.67
hoarding,evt_pump_repair_v1,3,3,1.0,1.0,3230.0
hoarding,evt_steam_workshop_v1,3,3,1.0,1.0,4316.67
hoarding,evt_medicinal_route_v1,3,3,1.0,1.0,3120.0
hoarding,evt_injury_surge_v1,3,3,0.7767,1.0,13975.0
potion_shortage,evt_mist_tide_v1,3,0,0.0083,1.0,8994.67
potion_shortage,evt_harbor_blockade_v1,3,3,0.8833,1.0,13960.67
potion_shortage,evt_pump_repair_v1,3,3,1.0,1.0,3220.0
potion_shortage,evt_steam_workshop_v1,3,3,1.0,1.0,4410.0
potion_shortage,evt_medicinal_route_v1,3,3,1.0,1.0,3120.0
potion_shortage,evt_injury_surge_v1,3,3,0.7933,1.0,13988.67
potion_glut,evt_mist_tide_v1,3,3,0.925,1.0,8938.33
potion_glut,evt_harbor_blockade_v1,3,3,1.0,1.0,9904.33
potion_glut,evt_pump_repair_v1,3,3,1.0,1.0,3396.0
potion_glut,evt_steam_workshop_v1,3,3,1.0,1.0,5433.0
potion_glut,evt_medicinal_route_v1,3,3,1.0,1.0,3416.67
potion_glut,evt_injury_surge_v1,3,3,1.0,1.0,12280.67
event_overlap_fail,evt_mist_tide_v1,3,0,0.0056,1.0,8989.67
event_overlap_fail,evt_harbor_blockade_v1,3,1,0.6583,1.0,13923.67
event_overlap_fail,evt_pump_repair_v1,3,1,0.5889,1.0,5932.33
event_overlap_fail,evt_injury_surge_v1,3,0,0.0,1.0,13875.33
event_overlap_fail,evt_steam_workshop_v1,3,3,1.0,1.0,5903.33
event_overlap_fail,evt_medicinal_route_v1,3,3,1.0,1.0,3200.0
