event_id,window,day_start,day_end,avg_price_index,avg_potion_fill,turnover,avg_active,gel_stock_end,saline_stock_end,event_goods_spend_cum_end,event_material_spend_cum_end
evt_mist_tide_v1,pre,28,34,1.1385,1.0,27448,1005.0,23,1462,0,0
evt_mist_tide_v1,active,35,44,1.3578,0.6991,36721,1005.0,0,1561,8674,240
evt_mist_tide_v1,post,45,51,1.5402,0.8983,32658,991.86,83,1656,8674,240
evt_harbor_blockade_v1,pre,83,89,1.2299,0.8973,29736,1015.57,317,3896,8674,240
evt_harbor_blockade_v1,active,90,101,1.2165,0.8977,41725,1015.92,342,4369,18402,300
evt_harbor_blockade_v1,post,102,108,1.1747,0.8973,22329,1003.14,390,4491,18402,300
evt_pump_repair_v1,pre,128,134,0.9248,0.895,19613,1018.86,684,6606,18402,300
evt_pump_repair_v1,active,135,144,0.9091,0.8961,28000,1004.2,700,7412,21282,540
evt_pump_repair_v1,post,145,151,0.9084,0.8956,19456,1000.43,774,7988,21282,540
evt_steam_workshop_v1,pre,173,179,0.9084,0.8996,19472,996.29,1021,10424,21282,540
evt_steam_workshop_v1,active,180,197,0.9084,0.8994,50080,1001.17,1246,12032,25122,990
evt_steam_workshop_v1,post,198,204,0.9043,0.8962,30772,1007.0,1260,12652,25122,990
evt_medicinal_route_v1,pre,228,234,1.0841,0.8998,28669,1004.71,1590,15068,25122,990
evt_medicinal_route_v1,active,235,246,1.6994,0.8952,43079,1000.0,2241,16454,28002,1230
evt_medicinal_route_v1,post,247,253,2.1928,0.9317,28306,994.14,2269,16756,28002,1230
evt_injury_surge_v1,pre,273,279,1.7829,0.9316,23771,992.29,2364,17967,28002,1230
evt_injury_surge_v1,active,280,291,2.4525,0.448,54523,1007.08,1926,18929,39606,1230
evt_injury_surge_v1,post,292,298,3.9197,0.3748,23020,1001.43,2055,19431,39606,1230
