scenario,seed,checkpoint_day,active_rate,pass_share,repeat_per_active,issuance_total,issue_allowance,issue_pass,issue_existing,issue_repeat,sink_total,external_outflow,money_total,player_cash,craft_turnover,cash_overhang_vs_turnover,craft_price_index,craft_price_index_max,potion_fill_avg,potion_fill_min,armor_sales,weapon_sales,wrap_sales,salve_sales,tea_sales,restorative_gel_stock,saline_powder_stock,mist_fiber_stock,event_successes,event_failures
grid_a20_p0,20260926,180,0.2,0,8,5555450,1430472,0,3547626,577352,57958,0,6257492,5145850,324863,15.8401,0.939,0.997,0.7931,0.1875,,,,,,878,2820,2266,3,0
grid_a20_p0,20260926,365,0.2,0,8,11906256,2906178,0,7829982,1170096,103121,4060,12559075,11046061,640975,17.2332,1.1581,2.1886,0.6994,0.1875,2000,1820,6811,7798,625,2204,7740,5340,5,1
grid_a20_p0,20260927,180,0.2,0,8,5552610,1430472,0,3547626,574512,57661,0,6254949,5146292,323350,15.9155,0.9576,0.997,0.7426,0.5294,,,,,,1020,3048,2330,3,0
grid_a20_p0,20260927,365,0.2,0,8,11898752,2906178,0,7829982,1162592,102530,4060,12552162,11045942,636607,17.3513,1.0953,2.0564,0.6637,0.381,2000,1820,6800,7392,609,2467,7921,5302,5,1
grid_a20_p0,20260928,180,0.2,0,8,5554922,1430472,0,3547626,576824,57600,0,6257322,5147138,324777,15.8482,0.9615,0.997,0.741,0.3333,,,,,,977,2802,2327,3,0
grid_a20_p0,20260928,365,0.2,0,8,11902320,2906178,0,7829982,1166160,102219,4060,12556041,11046828,639551,17.2728,1.0092,2.0397,0.6622,0.3333,2000,1820,6792,7350,629,2421,7827,5310,5,1
grid_a20_p10,20260926,180,0.2,0.1,8,5698726,1430472,143276,3547626,577352,57958,0,6400768,5260506,324863,16.193,0.939,0.997,0.7931,0.1875,,,,,,878,2820,2266,3,0
grid_a20_p10,20260926,365,0.2,0.1,8,12197385,2906178,291129,7829982,1170096,103121,4060,12850204,11279030,640975,17.5967,1.1581,2.1886,0.6994,0.1875,2000,1820,6811,7798,625,2204,7740,5340,5,1
grid_a20_p10,20260927,180,0.2,0.1,8,5695886,1430472,143276,3547626,574512,57661,0,6398225,5261024,323350,16.2704,0.9576,0.997,0.7426,0.5294,,,,,,1020,3048,2330,3,0
grid_a20_p10,20260927,365,0.2,0.1,8,12189881,2906178,291129,7829982,1162592,102530,4060,12843291,11279351,636607,17.7179,1.0953,2.0564,0.6637,0.381,2000,1820,6800,7392,609,2467,7921,5302,5,1
grid_a20_p10,20260928,180,0.2,0.1,8,5698198,1430472,143276,3547626,576824,57600,0,6400598,5261202,324777,16.1994,0.9615,0.997,0.741,0.3333,,,,,,977,2802,2327,3,0
grid_a20_p10,20260928,365,0.2,0.1,8,12193449,2906178,291129,7829982,1166160,102219,4060,12847170,11279025,639551,17.6358,1.0092,2.0397,0.6622,0.3333,2000,1820,6792,7350,629,2421,7827,5310,5,1
grid_a20_p30,20260926,180,0.2,0.3,8,5985283,1430472,429833,3547626,577352,57958,0,6687325,5489407,324863,16.8976,0.939,0.997,0.7931,0.1875,,,,,,878,2820,2266,3,0
grid_a20_p30,20260926,365,0.2,0.3,8,12779649,2906178,873393,7829982,1170096,103121,4060,13432468,11744406,640975,18.3227,1.1581,2.1886,0.6994,0.1875,2000,1820,6811,7798,625,2204,7740,5340,5,1
grid_a20_p30,20260927,180,0.2,0.3,8,5982443,1430472,429833,3547626,574512,57661,0,6684782,5490229,323350,16.9792,0.9576,0.997,0.7426,0.5294,,,,,,1020,3048,2330,3,0
grid_a20_p30,20260927,365,0.2,0.3,8,12772145,2906178,873393,7829982,1162592,102530,4060,13425555,11745591,636607,18.4503,1.0953,2.0564,0.6637,0.381,2000,1820,6800,7392,609,2467,7921,5302,5,1
grid_a20_p30,20260928,180,0.2,0.3,8,5984755,1430472,429833,3547626,576824,57600,0,6687155,5489895,324777,16.9036,0.9615,0.997,0.741,0.3333,,,,,,977,2802,2327,3,0
grid_a20_p30,20260928,365,0.2,0.3,8,12775713,2906178,873393,7829982,1166160,102219,4060,13429434,11744321,639551,18.3634,1.0092,2.0397,0.6622,0.3333,2000,1820,6792,7350,629,2421,7827,5310,5,1
grid_a20_p60,20260926,180,0.2,0.6,8,6415123,1430472,859673,3547626,577352,57958,0,7117165,5832647,324863,17.9542,0.939,0.997,0.7931,0.1875,,,,,,878,2820,2266,3,0
grid_a20_p60,20260926,365,0.2,0.6,8,13653047,2906178,1746791,7829982,1170096,103121,4060,14305866,12442292,640975,19.4115,1.1581,2.1886,0.6994,0.1875,2000,1820,6811,7798,625,2204,7740,5340,5,1
grid_a20_p60,20260927,180,0.2,0.6,8,6412283,1430472,859673,3547626,574512,57661,0,7114622,5833877,323350,18.042,0.9576,0.997,0.7426,0.5294,,,,,,1020,3048,2330,3,0
grid_a20_p60,20260927,365,0.2,0.6,8,13645543,2906178,1746791,7829982,1162592,102530,4060,14298953,12444585,636607,19.5483,1.0953,2.0564,0.6637,0.381,2000,1820,6800,7392,609,2467,7921,5302,5,1
grid_a20_p60,20260928,180,0.2,0.6,8,6414595,1430472,859673,3547626,576824,57600,0,7116995,5833159,324777,17.9605,0.9615,0.997,0.741,0.3333,,,,,,977,2802,2327,3,0
grid_a20_p60,20260928,365,0.2,0.6,8,13649111,2906178,1746791,7829982,1166160,102219,4060,14302832,12442711,639551,19.4554,1.0092,2.0397,0.6622,0.3333,2000,1820,6792,7350,629,2421,7827,5310,5,1
grid_a50_p0,20260926,180,0.5,0,8,11592184,1454237,0,8696259,1441688,154368,0,12197816,10620206,640934,16.5699,0.9084,1.5657,0.9047,0.5287,,,,,,1028,10502,4772,3,0
grid_a50_p0,20260926,365,0.5,0,8,16302447,2939780,0,10439987,2922680,299554,4060,16758833,14308215,1275868,11.2145,1.8708,4.0523,0.7854,0.37,2000,1820,6002,21787,1326,4338,25182,7660,5,1
grid_a50_p0,20260927,180,0.5,0,8,11588648,1454237,0,8696259,1438152,153063,0,12195585,10625210,629058,16.8907,0.9316,1.572,0.833,0.5116,,,,,,1643,10673,5702,3,0
grid_a50_p0,20260927,365,0.5,0,8,16293023,2939780,0,10439987,2913256,296797,4060,16752166,14317169,1248690,11.4658,1.9492,4.2563,0.7259,0.3558,2000,1820,5929,20082,1320,5545,25163,9142,5,1
grid_a50_p0,20260928,180,0.5,0,8,11591512,1454237,0,8696259,1441016,151556,0,12199956,10631269,622044,17.0909,0.9351,1.5894,0.7775,0.4719,,,,,,2313,10433,6166,3,0
grid_a50_p0,20260928,365,0.5,0,8,16297391,2939780,0,10439987,2917624,294271,4060,16759060,14326981,1245007,11.5076,1.8407,3.9917,0.687,0.3857,2000,1820,5995,19076,1321,5191,25246,12531,5,1
grid_a50_p10,20260926,180,0.5,0.1,8,11737608,1454237,145424,8696259,1441688,154368,0,12343240,10693874,640934,16.6848,0.9084,1.5657,0.9047,0.5287,,,,,,1028,10502,4772,3,0
grid_a50_p10,20260926,365,0.5,0.1,8,16596425,2939780,293978,10439987,2922680,299554,4060,17052811,14456529,1275868,11.3307,1.8708,4.0523,0.7854,0.37,2000,1820,6002,21787,1326,4338,25182,7660,5,1
grid_a50_p10,20260927,180,0.5,0.1,8,11734072,1454237,145424,8696259,1438152,153063,0,12341009,10698962,629058,17.0079,0.9316,1.572,0.833,0.5116,,,,,,1643,10673,5702,3,0
grid_a50_p10,20260927,365,0.5,0.1,8,16587001,2939780,293978,10439987,2913256,296797,4060,17046144,14466071,1248690,11.585,1.9492,4.2563,0.7259,0.3558,2000,1820,5929,20082,1320,5545,25163,9142,5,1
grid_a50_p10,20260928,180,0.5,0.1,8,11736936,1454237,145424,8696259,1441016,151556,0,12345380,10704041,622044,17.2079,0.9351,1.5894,0.7775,0.4719,,,,,,2313,10433,6166,3,0
grid_a50_p10,20260928,365,0.5,0.1,8,16591369,2939780,293978,10439987,2917624,294271,4060,17053038,14474011,1245007,11.6256,1.8407,3.9917,0.687,0.3857,2000,1820,5995,19076,1321,5191,25246,12531,5,1
grid_a50_p30,20260926,180,0.5,0.3,8,12028454,1454237,436270,8696259,1441688,154368,0,12634086,10840712,640934,16.9139,0.9084,1.5657,0.9047,0.5287,,,,,,1028,10502,4772,3,0
grid_a50_p30,20260926,365,0.5,0.3,8,17184380,2939780,881933,10439987,2922680,299554,4060,17640766,14752396,1275868,11.5626,1.8708,4.0523,0.7854,0.37,2000,1820,6002,21787,1326,4338,25182,7660,5,1
grid_a50_p30,20260927,180,0.5,0.3,8,12024918,1454237,436270,8696259,1438152,153063,0,12631855,10846092,629058,17.2418,0.9316,1.572,0.833,0.5116,,,,,,1643,10673,5702,3,0
grid_a50_p30,20260927,365,0.5,0.3,8,17174956,2939780,881933,10439987,2913256,296797,4060,17634099,14762998,1248690,11.8228,1.9492,4.2563,0.7259,0.3558,2000,1820,5929,20082,1320,5545,25163,9142,5,1
grid_a50_p30,20260928,180,0.5,0.3,8,12027782,1454237,436270,8696259,1441016,151556,0,12636226,10850447,622044,17.4432,0.9351,1.5894,0.7775,0.4719,,,,,,2313,10433,6166,3,0
grid_a50_p30,20260928,365,0.5,0.3,8,17179324,2939780,881933,10439987,2917624,294271,4060,17640993,14769650,1245007,11.8631,1.8407,3.9917,0.687,0.3857,2000,1820,5995,19076,1321,5191,25246,12531,5,1
grid_a50_p60,20260926,180,0.5,0.6,8,12464725,1454237,872541,8696259,1441688,154368,0,13070357,11060751,640934,17.2572,0.9084,1.5657,0.9047,0.5287,,,,,,1028,10502,4772,3,0
grid_a50_p60,20260926,365,0.5,0.6,8,18066314,2939780,1763867,10439987,2922680,299554,4060,18522700,15195954,1275868,11.9103,1.8708,4.0523,0.7854,0.37,2000,1820,6002,21787,1326,4338,25182,7660,5,1
grid_a50_p60,20260927,180,0.5,0.6,8,12461189,1454237,872541,8696259,1438152,153063,0,13068126,11066667,629058,17.5924,0.9316,1.572,0.833,0.5116,,,,,,1643,10673,5702,3,0
grid_a50_p60,20260927,365,0.5,0.6,8,18056890,2939780,1763867,10439987,2913256,296797,4060,18516033,15208000,1248690,12.1792,1.9492,4.2563,0.7259,0.3558,2000,1820,5929,20082,1320,5545,25163,9142,5,1
grid_a50_p60,20260928,180,0.5,0.6,8,12464053,1454237,872541,8696259,1441016,151556,0,13072497,11070470,622044,17.7969,0.9351,1.5894,0.7775,0.4719,,,,,,2313,10433,6166,3,0
grid_a50_p60,20260928,365,0.5,0.6,8,18061258,2939780,1763867,10439987,2917624,294271,4060,18522927,15213768,1245007,12.2198,1.8407,3.9917,0.687,0.3857,2000,1820,5995,19076,1321,5191,25246,12531,5,1
grid_a80_p0,20260926,180,0.8,0,8,14201324,1455982,0,10439990,2305352,236651,0,14724673,12739000,888946,14.3305,1.4853,1.8846,0.4829,0.3482,,,,,,10348,20620,14061,3,0
grid_a80_p0,20260926,365,0.8,0,8,18070893,2956800,0,10439997,4674096,469706,4060,18357127,15059165,1771883,8.499,2.0776,9.8609,0.4807,0.3054,2000,1774,5984,20084,3588,17587,42325,29117,6,0
grid_a80_p0,20260927,180,0.8,0,8,14198484,1455982,0,10439990,2302512,237112,0,14721372,12738102,888832,14.3313,1.5897,1.9004,0.4838,0.354,,,,,,9937,20643,14193,3,0
grid_a80_p0,20260927,365,0.8,0,8,18063389,2956800,0,10439997,4666592,471718,4060,18347611,15062086,1751209,8.601,2.047,7.4622,0.4808,0.3058,2000,1786,5317,20060,3577,17095,42092,29032,6,0
grid_a80_p0,20260928,180,0.8,0,8,14200796,1455982,0,10439990,2304824,234749,0,14726047,12736560,865198,14.721,1.3462,1.9433,0.4791,0.3158,,,,,,9991,22147,12272,2,1
grid_a80_p0,20260928,365,0.8,0,8,18066957,2956800,0,10439997,4670160,467639,4060,18355258,15052911,1740014,8.651,3.2026,31.8721,0.4808,0.3042,2000,1777,6075,20094,3565,17049,44037,26894,5,1
grid_a80_p10,20260926,180,0.8,0.1,8,14346897,1455982,145573,10439990,2305352,236651,0,14870246,12769709,888946,14.365,1.4853,1.8846,0.4829,0.3482,,,,,,10348,20620,14061,3,0
grid_a80_p10,20260926,365,0.8,0.1,8,18366521,2956800,295628,10439997,4674096,469706,4060,18652755,15121649,1771883,8.5342,2.0776,9.8609,0.4807,0.3054,2000,1774,5984,20084,3588,17587,42325,29117,6,0
grid_a80_p10,20260927,180,0.8,0.1,8,14344057,1455982,145573,10439990,2302512,237112,0,14866945,12768819,888832,14.3658,1.5897,1.9004,0.4838,0.354,,,,,,9937,20643,14193,3,0
grid_a80_p10,20260927,365,0.8,0.1,8,18359017,2956800,295628,10439997,4666592,471718,4060,18643239,15125098,1751209,8.6369,2.047,7.4622,0.4808,0.3058,2000,1786,5317,20060,3577,17095,42092,29032,6,0
grid_a80_p10,20260928,180,0.8,0.1,8,14346369,1455982,145573,10439990,2304824,234749,0,14871620,12766141,865198,14.7552,1.3462,1.9433,0.4791,0.3158,,,,,,9991,22147,12272,2,1
grid_a80_p10,20260928,365,0.8,0.1,8,18362585,2956800,295628,10439997,4670160,467639,4060,18650886,15113699,1740014,8.686,3.2026,31.8721,0.4808,0.3042,2000,1777,6075,20094,3565,17049,44037,26894,5,1
grid_a80_p30,20260926,180,0.8,0.3,8,14638145,1455982,436821,10439990,2305352,236651,0,15161494,12830641,888946,14.4335,1.4853,1.8846,0.4829,0.3482,,,,,,10348,20620,14061,3,0
grid_a80_p30,20260926,365,0.8,0.3,8,18957985,2956800,887092,10439997,4674096,469706,4060,19244219,15245985,1771883,8.6044,2.0776,9.8609,0.4807,0.3054,2000,1774,5984,20084,3588,17587,42325,29117,6,0
grid_a80_p30,20260927,180,0.8,0.3,8,14635305,1455982,436821,10439990,2302512,237112,0,15158193,12829975,888832,14.4346,1.5897,1.9004,0.4838,0.354,,,,,,9937,20643,14193,3,0
grid_a80_p30,20260927,365,0.8,0.3,8,18950481,2956800,887092,10439997,4666592,471718,4060,19234703,15250310,1751209,8.7084,2.047,7.4622,0.4808,0.3058,2000,1786,5317,20060,3577,17095,42092,29032,6,0
grid_a80_p30,20260928,180,0.8,0.3,8,14637617,1455982,436821,10439990,2304824,234749,0,15162868,12826457,865198,14.8249,1.3462,1.9433,0.4791,0.3158,,,,,,9991,22147,12272,2,1
grid_a80_p30,20260928,365,0.8,0.3,8,18954049,2956800,887092,10439997,4670160,467639,4060,19242350,15237359,1740014,8.757,3.2026,31.8721,0.4808,0.3042,2000,1777,6075,20094,3565,17049,44037,26894,5,1
grid_a80_p60,20260926,180,0.8,0.6,8,15074913,1455982,873589,10439990,2305352,236651,0,15598262,12921605,888946,14.5359,1.4853,1.8846,0.4829,0.3482,,,,,,10348,20620,14061,3,0
grid_a80_p60,20260926,365,0.8,0.6,8,19844973,2956800,1774080,10439997,4674096,469706,4060,20131207,15431865,1771883,8.7093,2.0776,9.8609,0.4807,0.3054,2000,1774,5984,20084,3588,17587,42325,29117,6,0
grid_a80_p60,20260927,180,0.8,0.6,8,15072073,1455982,873589,10439990,2302512,237112,0,15594961,12921363,888832,14.5375,1.5897,1.9004,0.4838,0.354,,,,,,9937,20643,14193,3,0
grid_a80_p60,20260927,365,0.8,0.6,8,19837469,2956800,1774080,10439997,4666592,471718,4060,20121691,15437314,1751209,8.8152,2.047,7.4622,0.4808,0.3058,2000,1786,5317,20060,3577,17095,42092,29032,6,0
grid_a80_p60,20260928,180,0.8,0.6,8,15074385,1455982,873589,10439990,2304824,234749,0,15599636,12917405,865198,14.93,1.3462,1.9433,0.4791,0.3158,,,,,,9991,22147,12272,2,1
grid_a80_p60,20260928,365,0.8,0.6,8,19841037,2956800,1774080,10439997,4670160,467639,4060,20129338,15423651,1740014,8.8641,3.2026,31.8721,0.4808,0.3042,2000,1777,6075,20094,3565,17049,44037,26894,5,1
control_events_off,20260926,180,0.5,0.3,8,12028454,1454237,436270,8696259,1441688,148008,0,12640446,10836281,575278,18.8366,1.0052,1.1567,0.978,0.5672,,,,,,36,11762,3578,0,0
control_events_off,20260926,365,0.5,0.3,8,17184380,2939780,881933,10439987,2922680,292067,0,17652313,14781676,1065631,13.8713,1.0052,1.1567,0.9851,0.5672,1300,1180,6018,25707,0,200,27470,6696,0,0
control_events_off,20260927,180,0.5,0.3,8,12024918,1454237,436270,8696259,1438152,147267,0,12637651,10836904,562288,19.2729,1.0052,1.1611,0.9577,0.6154,,,,,,0,11699,4021,0,0
control_events_off,20260927,365,0.5,0.3,8,17174956,2939780,881933,10439987,2913256,290932,0,17644024,14782085,1050256,14.0747,1.0052,1.1611,0.974,0.6154,1300,1180,5990,25361,0,39,27211,6962,0,0
control_events_off,20260928,180,0.5,0.3,8,12027782,1454237,436270,8696259,1441016,147227,0,12640555,10836867,570764,18.9866,0.9981,1.1603,0.9541,0.5672,,,,,,0,11648,3766,0,0
control_events_off,20260928,365,0.5,0.3,8,17179324,2939780,881933,10439987,2917624,290479,0,17648845,14782087,1057991,13.9718,0.9981,1.1603,0.9716,0.5672,1300,1180,5993,25305,0,95,27486,6623,0,0
repeat_high,20260926,180,0.5,0.3,40,17795206,1454237,436270,8696259,7208440,154368,0,18400838,16607464,640934,25.9113,0.9084,1.5657,0.9047,0.5287,,,,,,1028,10502,4772,3,0
repeat_high,20260926,365,0.5,0.3,40,28875100,2939780,881933,10439987,14613400,299554,4060,29331486,26443116,1275868,20.7256,1.8708,4.0523,0.7854,0.37,2000,1820,6002,21787,1326,4338,25182,7660,5,1
repeat_high,20260927,180,0.5,0.3,40,17777526,1454237,436270,8696259,7190760,153063,0,18384463,16598700,629058,26.3866,0.9316,1.572,0.833,0.5116,,,,,,1643,10673,5702,3,0
repeat_high,20260927,365,0.5,0.3,40,28827980,2939780,881933,10439987,14566280,296797,4060,29287123,26416022,1248690,21.155,1.9492,4.2563,0.7259,0.3558,2000,1820,5929,20082,1320,5545,25163,9142,5,1
repeat_high,20260928,180,0.5,0.3,40,17791846,1454237,436270,8696259,7205080,151556,0,18400290,16614511,622044,26.7095,0.9351,1.5894,0.7775,0.4719,,,,,,2313,10433,6166,3,0
repeat_high,20260928,365,0.5,0.3,40,28849820,2939780,881933,10439987,14588120,294271,4060,29311489,26440146,1245007,21.2369,1.8407,3.9917,0.687,0.3857,2000,1820,5995,19076,1321,5191,25246,12531,5,1
hoarding,20260926,180,0.5,0.3,8,12028454,1454237,436270,8696259,1441688,148707,0,12639747,10865035,590912,18.3869,0.997,1.5657,0.6557,0.3099,,,,,,1207,2786,6740,3,0
hoarding,20260926,365,0.5,0.3,8,17184380,2939780,881933,10439987,2922680,289183,4060,17651137,14799913,1203916,12.2931,1.4003,2.3297,0.5636,0.3048,2000,1820,6142,14834,2259,7654,16462,12977,6,0
hoarding,20260927,180,0.5,0.3,8,12024918,1454237,436270,8696259,1438152,148564,0,12636354,10865407,588971,18.4481,1.0097,1.572,0.6354,0.3676,,,,,,1149,2826,6974,3,0
hoarding,20260927,365,0.5,0.3,8,17174956,2939780,881933,10439987,2913256,288808,4060,17642088,14799706,1196447,12.3697,1.4596,2.7819,0.5535,0.3034,2000,1820,6068,14506,2248,7430,16318,13089,6,0
hoarding,20260928,180,0.5,0.3,8,12027782,1454237,436270,8696259,1441016,148164,0,12639618,10864875,591456,18.3697,0.9976,1.5894,0.6306,0.338,,,,,,1126,2661,6702,3,0
hoarding,20260928,365,0.5,0.3,8,17179324,2939780,881933,10439987,2917624,288134,4060,17647130,14796760,1207969,12.2493,1.3703,2.2544,0.5572,0.3166,2000,1820,6137,14650,2212,7262,16514,12494,6,0
potion_shortage,20260926,180,0.5,0.3,8,12028454,1454237,436270,8696259,1441688,63694,0,12724760,10969895,615722,17.8163,1.2402,1.6382,0.4245,0.0943,,,,,,0,1660,1691,2,1
potion_shortage,20260926,365,0.5,0.3,8,17184380,2939780,881933,10439987,2922680,112860,4060,17827460,15020114,1079452,13.9146,1.8591,2.5981,0.4142,0.0943,1906,1781,5903,8307,1562,108,5152,100,5,1
potion_shortage,20260927,180,0.5,0.3,8,12024918,1454237,436270,8696259,1438152,63404,0,12721514,10969102,618139,17.7454,1.2227,1.5753,0.4097,0.1509,,,,,,18,1621,1974,2,1
potion_shortage,20260927,365,0.5,0.3,8,17174956,2939780,881933,10439987,2913256,113118,4060,17817778,15015570,1088461,13.7952,1.8371,2.3043,0.4203,0.1509,1906,1780,5968,8323,1662,0,4914,37,5,1
potion_shortage,20260928,180,0.5,0.3,8,12027782,1454237,436270,8696259,1441016,62977,0,12724805,10970529,616282,17.8012,1.1907,1.5828,0.3959,0.0,,,,,,51,1457,2022,2,1
potion_shortage,20260928,365,0.5,0.3,8,17179324,2939780,881933,10439987,2917624,112482,4060,17822782,15016384,1087385,13.8096,1.801,2.3831,0.4167,0.0,1909,1786,5968,8281,1610,0,4826,1,5,1
potion_glut,20260926,180,0.5,0.3,8,12028454,1454237,436270,8696259,1441688,287165,0,12501289,10722414,573328,18.7021,1.0348,1.459,1.0,1.0,,,,,,17169,31432,21046,3,0
potion_glut,20260926,365,0.5,0.3,8,17184380,2939780,881933,10439987,2922680,580357,4060,17359963,14476523,1154285,12.5415,1.8754,11.8961,1.0,1.0,2000,1820,6070,21157,3943,31401,51698,54954,6,0
potion_glut,20260927,180,0.5,0.3,8,12024918,1454237,436270,8696259,1438152,286998,0,12497920,10721396,569447,18.8277,1.0406,1.4492,1.0,1.0,,,,,,16647,27840,24950,3,0
potion_glut,20260927,365,0.5,0.3,8,17174956,2939780,881933,10439987,2913256,579112,4060,17351784,14471328,1158905,12.4871,1.9705,14.079,1.0,1.0,2000,1820,6265,21102,3928,30637,48770,57516,6,0
potion_glut,20260928,180,0.5,0.3,8,12027782,1454237,436270,8696259,1441016,287033,0,12500749,10722531,569075,18.842,1.0337,1.4909,1.0,1.0,,,,,,16553,27175,25074,3,0
potion_glut,20260928,365,0.5,0.3,8,17179324,2939780,881933,10439987,2917624,579406,4060,17355858,14474158,1151455,12.5703,2.2696,8.9823,1.0,1.0,2000,1820,5980,21099,3926,30643,48545,57666,6,0
event_overlap_fail,20260926,180,0.5,0.3,8,12028454,1454237,436270,8696259,1441688,46366,0,12742088,11023903,528958,20.8408,3.0602,6.5215,0.1847,0.0,,,,,,686,1242,928,0,4
event_overlap_fail,20260926,365,0.5,0.3,8,17184380,2939780,881933,10439987,2922680,76021,4060,17864299,15093137,938427,16.0834,1.3409,6.5215,0.2008,0.0,1904,1783,5953,4141,425,1617,4408,1286,2,4
event_overlap_fail,20260927,180,0.5,0.3,8,12024918,1454237,436270,8696259,1438152,46196,0,12738722,11023879,525676,20.9709,3.142,7.1137,0.1776,0.0,,,,,,713,1465,898,0,4
event_overlap_fail,20260927,365,0.5,0.3,8,17174956,2939780,881933,10439987,2913256,75451,4060,17855445,15092685,930017,16.2284,1.3304,7.1137,0.1922,0.0,1904,1786,5955,3919,413,1778,4661,1220,2,4
event_overlap_fail,20260928,180,0.5,0.3,8,12027782,1454237,436270,8696259,1441016,45109,0,12742673,11024074,518441,21.2639,3.1213,7.4354,0.1826,0.0,,,,,,717,1303,904,2,2
event_overlap_fail,20260928,365,0.5,0.3,8,17179324,2939780,881933,10439987,2917624,73959,4060,17861305,15091121,916487,16.4663,1.329,7.4354,0.1898,0.0,1901,1785,6249,3809,426,1862,4617,1017,4,2
