scenario,checkpoint_day,seeds,active_rate,pass_share,repeat_per_active,issuance_total_mean,issuance_total_min,issuance_total_max,issue_allowance_mean,issue_allowance_min,issue_allowance_max,issue_pass_mean,issue_pass_min,issue_pass_max,issue_existing_mean,issue_existing_min,issue_existing_max,issue_repeat_mean,issue_repeat_min,issue_repeat_max,sink_total_mean,sink_total_min,sink_total_max,external_outflow_mean,external_outflow_min,external_outflow_max,money_total_mean,money_total_min,money_total_max,player_cash_mean,player_cash_min,player_cash_max,craft_turnover_mean,craft_turnover_min,craft_turnover_max,cash_overhang_vs_turnover_mean,cash_overhang_vs_turnover_min,cash_overhang_vs_turnover_max,craft_price_index_mean,craft_price_index_min,craft_price_index_max,craft_price_index_max_mean,craft_price_index_max_min,craft_price_index_max_max,potion_fill_avg_mean,potion_fill_avg_min,potion_fill_avg_max,potion_fill_min_mean,potion_fill_min_min,potion_fill_min_max,armor_sales_mean,armor_sales_min,armor_sales_max,weapon_sales_mean,weapon_sales_min,weapon_sales_max,wrap_sales_mean,wrap_sales_min,wrap_sales_max,salve_sales_mean,salve_sales_min,salve_sales_max,tea_sales_mean,tea_sales_min,tea_sales_max,restorative_gel_stock_mean,restorative_gel_stock_min,restorative_gel_stock_max,saline_powder_stock_mean,saline_powder_stock_min,saline_powder_stock_max,mist_fiber_stock_mean,mist_fiber_stock_min,mist_fiber_stock_max,event_successes_mean,event_successes_min,event_successes_max,event_failures_mean,event_failures_min,event_failures_max
grid_a20_p0,180,3,0.2,0.0,8,5554327.3333,5552610,5555450,1430472.0,1430472,1430472,0.0,0,0,3547626.0,3547626,3547626,576229.3333,574512,577352,57739.6667,57600,57958,0.0,0,0,6256587.6667,6254949,6257492,5146426.6667,5145850,5147138,324330.0,323350,324863,15.8679,15.8401,15.9155,0.9527,0.939,0.9615,0.997,0.997,0.997,0.7589,0.741,0.7931,0.3501,0.1875,0.5294,,,,,,,,,,,,,,,,958.3333,878,1020,2890.0,2802,3048,2307.6667,2266,2330,3.0,3,3,0.0,0,0
grid_a20_p0,365,3,0.2,0.0,8,11902442.6667,11898752,11906256,2906178.0,2906178,2906178,0.0,0,0,7829982.0,7829982,7829982,1166282.6667,1162592,1170096,102623.3333,102219,103121,4060.0,4060,4060,12555759.3333,12552162,12559075,11046277.0,11045942,11046828,639044.3333,636607,640975,17.2858,17.2332,17.3513,1.0875,1.0092,1.1581,2.0949,2.0397,2.1886,0.6751,0.6622,0.6994,0.3006,0.1875,0.381,2000.0,2000.0,2000.0,1820.0,1820.0,1820.0,6801.0,6792.0,6811.0,7513.3333,7350.0,7798.0,621.0,609.0,629.0,2364.0,2204,2467,7829.3333,7740,7921,5317.3333,5302,5340,5.0,5,5,1.0,1,1
grid_a20_p10,180,3,0.2,0.1,8,5697603.3333,5695886,5698726,1430472.0,1430472,1430472,143276.0,143276,143276,3547626.0,3547626,3547626,576229.3333,574512,577352,57739.6667,57600,57958,0.0,0,0,6399863.6667,6398225,6400768,5260910.6667,5260506,5261202,324330.0,323350,324863,16.2209,16.193,16.2704,0.9527,0.939,0.9615,0.997,0.997,0.997,0.7589,0.741,0.7931,0.3501,0.1875,0.5294,,,,,,,,,,,,,,,,958.3333,878,1020,2890.0,2802,3048,2307.6667,2266,2330,3.0,3,3,0.0,0,0
grid_a20_p10,365,3,0.2,0.1,8,12193571.6667,12189881,12197385,2906178.0,2906178,2906178,291129.0,291129,291129,7829982.0,7829982,7829982,1166282.6667,1162592,1170096,102623.3333,102219,103121,4060.0,4060,4060,12846888.3333,12843291,12850204,11279135.3333,11279025,11279351,639044.3333,636607,640975,17.6501,17.5967,17.7179,1.0875,1.0092,1.1581,2.0949,2.0397,2.1886,0.6751,0.6622,0.6994,0.3006,0.1875,0.381,2000.0,2000.0,2000.0,1820.0,1820.0,1820.0,6801.0,6792.0,6811.0,7513.3333,7350.0,7798.0,621.0,609.0,629.0,2364.0,2204,2467,7829.3333,7740,7921,5317.3333,5302,5340,5.0,5,5,1.0,1,1
grid_a20_p30,180,3,0.2,0.3,8,5984160.3333,5982443,5985283,1430472.0,1430472,1430472,429833.0,429833,429833,3547626.0,3547626,3547626,576229.3333,574512,577352,57739.6667,57600,57958,0.0,0,0,6686420.6667,6684782,6687325,5489843.6667,5489407,5490229,324330.0,323350,324863,16.9268,16.8976,16.9792,0.9527,0.939,0.9615,0.997,0.997,0.997,0.7589,0.741,0.7931,0.3501,0.1875,0.5294,,,,,,,,,,,,,,,,958.3333,878,1020,2890.0,2802,3048,2307.6667,2266,2330,3.0,3,3,0.0,0,0
grid_a20_p30,365,3,0.2,0.3,8,12775835.6667,12772145,12779649,2906178.0,2906178,2906178,873393.0,873393,873393,7829982.0,7829982,7829982,1166282.6667,1162592,1170096,102623.3333,102219,103121,4060.0,4060,4060,13429152.3333,13425555,13432468,11744772.6667,11744321,11745591,639044.3333,636607,640975,18.3788,18.3227,18.4503,1.0875,1.0092,1.1581,2.0949,2.0397,2.1886,0.6751,0.6622,0.6994,0.3006,0.1875,0.381,2000.0,2000.0,2000.0,1820.0,1820.0,1820.0,6801.0,6792.0,6811.0,7513.3333,7350.0,7798.0,621.0,609.0,629.0,2364.0,2204,2467,7829.3333,7740,7921,5317.3333,5302,5340,5.0,5,5,1.0,1,1
grid_a20_p60,180,3,0.2,0.6,8,6414000.3333,6412283,6415123,1430472.0,1430472,1430472,859673.0,859673,859673,3547626.0,3547626,3547626,576229.3333,574512,577352,57739.6667,57600,57958,0.0,0,0,7116260.6667,7114622,7117165,5833227.6667,5832647,5833877,324330.0,323350,324863,17.9856,17.9542,18.042,0.9527,0.939,0.9615,0.997,0.997,0.997,0.7589,0.741,0.7931,0.3501,0.1875,0.5294,,,,,,,,,,,,,,,,958.3333,878,1020,2890.0,2802,3048,2307.6667,2266,2330,3.0,3,3,0.0,0,0
grid_a20_p60,365,3,0.2,0.6,8,13649233.6667,13645543,13653047,2906178.0,2906178,2906178,1746791.0,1746791,1746791,7829982.0,7829982,7829982,1166282.6667,1162592,1170096,102623.3333,102219,103121,4060.0,4060,4060,14302550.3333,14298953,14305866,12443196.0,12442292,12444585,639044.3333,636607,640975,19.4717,19.4115,19.5483,1.0875,1.0092,1.1581,2.0949,2.0397,2.1886,0.6751,0.6622,0.6994,0.3006,0.1875,0.381,2000.0,2000.0,2000.0,1820.0,1820.0,1820.0,6801.0,6792.0,6811.0,7513.3333,7350.0,7798.0,621.0,609.0,629.0,2364.0,2204,2467,7829.3333,7740,7921,5317.3333,5302,5340,5.0,5,5,1.0,1,1
grid_a50_p0,180,3,0.5,0.0,8,11590781.3333,11588648,11592184,1454237.0,1454237,1454237,0.0,0,0,8696259.0,8696259,8696259,1440285.3333,1438152,1441688,152995.6667,151556,154368,0.0,0,0,12197785.6667,12195585,12199956,10625561.6667,10620206,10631269,630678.6667,622044,640934,16.8505,16.5699,17.0909,0.925,0.9084,0.9351,1.5757,1.5657,1.5894,0.8384,0.7775,0.9047,0.5041,0.4719,0.5287,,,,,,,,,,,,,,,,1661.3333,1028,2313,10536.0,10433,10673,5546.6667,4772,6166,3.0,3,3,0.0,0,0
grid_a50_p0,365,3,0.5,0.0,8,16297620.3333,16293023,16302447,2939780.0,2939780,2939780,0.0,0,0,10439987.0,10439987,10439987,2917853.3333,2913256,2922680,296874.0,294271,299554,4060.0,4060,4060,16756686.3333,16752166,16759060,14317455.0,14308215,14326981,1256521.6667,1245007,1275868,11.396,11.2145,11.5076,1.8869,1.8407,1.9492,4.1001,3.9917,4.2563,0.7328,0.687,0.7854,0.3705,0.3558,0.3857,2000.0,2000.0,2000.0,1820.0,1820.0,1820.0,5975.3333,5929.0,6002.0,20315.0,19076.0,21787.0,1322.3333,1320.0,1326.0,5024.6667,4338,5545,25197.0,25163,25246,9777.6667,7660,12531,5.0,5,5,1.0,1,1
grid_a50_p10,180,3,0.5,0.1,8,11736205.3333,11734072,11737608,1454237.0,1454237,1454237,145424.0,145424,145424,8696259.0,8696259,8696259,1440285.3333,1438152,1441688,152995.6667,151556,154368,0.0,0,0,12343209.6667,12341009,12345380,10698959.0,10693874,10704041,630678.6667,622044,640934,16.9669,16.6848,17.2079,0.925,0.9084,0.9351,1.5757,1.5657,1.5894,0.8384,0.7775,0.9047,0.5041,0.4719,0.5287,,,,,,,,,,,,,,,,1661.3333,1028,2313,10536.0,10433,10673,5546.6667,4772,6166,3.0,3,3,0.0,0,0
grid_a50_p10,365,3,0.5,0.1,8,16591598.3333,16587001,16596425,2939780.0,2939780,2939780,293978.0,293978,293978,10439987.0,10439987,10439987,2917853.3333,2913256,2922680,296874.0,294271,299554,4060.0,4060,4060,17050664.3333,17046144,17053038,14465537.0,14456529,14474011,1256521.6667,1245007,1275868,11.5138,11.3307,11.6256,1.8869,1.8407,1.9492,4.1001,3.9917,4.2563,0.7328,0.687,0.7854,0.3705,0.3558,0.3857,2000.0,2000.0,2000.0,1820.0,1820.0,1820.0,5975.3333,5929.0,6002.0,20315.0,19076.0,21787.0,1322.3333,1320.0,1326.0,5024.6667,4338,5545,25197.0,25163,25246,9777.6667,7660,12531,5.0,5,5,1.0,1,1
grid_a50_p30,180,3,0.5,0.3,8,12027051.3333,12024918,12028454,1454237.0,1454237,1454237,436270.0,436270,436270,8696259.0,8696259,8696259,1440285.3333,1438152,1441688,152995.6667,151556,154368,0.0,0,0,12634055.6667,12631855,12636226,10845750.3333,10840712,10850447,630678.6667,622044,640934,17.1996,16.9139,17.4432,0.925,0.9084,0.9351,1.5757,1.5657,1.5894,0.8384,0.7775,0.9047,0.5041,0.4719,0.5287,,,,,,,,,,,,,,,,1661.3333,1028,2313,10536.0,10433,10673,5546.6667,4772,6166,3.0,3,3,0.0,0,0
grid_a50_p30,365,3,0.5,0.3,8,17179553.3333,17174956,17184380,2939780.0,2939780,2939780,881933.0,881933,881933,10439987.0,10439987,10439987,2917853.3333,2913256,2922680,296874.0,294271,299554,4060.0,4060,4060,17638619.3333,17634099,17640993,14761681.3333,14752396,14769650,1256521.6667,1245007,1275868,11.7495,11.5626,11.8631,1.8869,1.8407,1.9492,4.1001,3.9917,4.2563,0.7328,0.687,0.7854,0.3705,0.3558,0.3857,2000.0,2000.0,2000.0,1820.0,1820.0,1820.0,5975.3333,5929.0,6002.0,20315.0,19076.0,21787.0,1322.3333,1320.0,1326.0,5024.6667,4338,5545,25197.0,25163,25246,9777.6667,7660,12531,5.0,5,5,1.0,1,1
grid_a50_p60,180,3,0.5,0.6,8,12463322.3333,12461189,12464725,1454237.0,1454237,1454237,872541.0,872541,872541,8696259.0,8696259,8696259,1440285.3333,1438152,1441688,152995.6667,151556,154368,0.0,0,0,13070326.6667,13068126,13072497,11065962.6667,11060751,11070470,630678.6667,622044,640934,17.5488,17.2572,17.7969,0.925,0.9084,0.9351,1.5757,1.5657,1.5894,0.8384,0.7775,0.9047,0.5041,0.4719,0.5287,,,,,,,,,,,,,,,,1661.3333,1028,2313,10536.0,10433,10673,5546.6667,4772,6166,3.0,3,3,0.0,0,0
grid_a50_p60,365,3,0.5,0.6,8,18061487.3333,18056890,18066314,2939780.0,2939780,2939780,1763867.0,1763867,1763867,10439987.0,10439987,10439987,2917853.3333,2913256,2922680,296874.0,294271,299554,4060.0,4060,4060,18520553.3333,18516033,18522927,15205907.3333,15195954,15213768,1256521.6667,1245007,1275868,12.1031,11.9103,12.2198,1.8869,1.8407,1.9492,4.1001,3.9917,4.2563,0.7328,0.687,0.7854,0.3705,0.3558,0.3857,2000.0,2000.0,2000.0,1820.0,1820.0,1820.0,5975.3333,5929.0,6002.0,20315.0,19076.0,21787.0,1322.3333,1320.0,1326.0,5024.6667,4338,5545,25197.0,25163,25246,9777.6667,7660,12531,5.0,5,5,1.0,1,1
grid_a80_p0,180,3,0.8,0.0,8,14200201.3333,14198484,14201324,1455982.0,1455982,1455982,0.0,0,0,10439990.0,10439990,10439990,2304229.3333,2302512,2305352,236170.6667,234749,237112,0.0,0,0,14724030.6667,14721372,14726047,12737887.3333,12736560,12739000,880992.0,865198,888946,14.4609,14.3305,14.721,1.4737,1.3462,1.5897,1.9094,1.8846,1.9433,0.4819,0.4791,0.4838,0.3393,0.3158,0.354,,,,,,,,,,,,,,,,10092.0,9937,10348,21136.6667,20620,22147,13508.6667,12272,14193,2.6667,2,3,0.3333,0,1
grid_a80_p0,365,3,0.8,0.0,8,18067079.6667,18063389,18070893,2956800.0,2956800,2956800,0.0,0,0,10439997.0,10439997,10439997,4670282.6667,4666592,4674096,469687.6667,467639,471718,4060.0,4060,4060,18353332.0,18347611,18357127,15058054.0,15052911,15062086,1754368.6667,1740014,1771883,8.5837,8.499,8.651,2.4424,2.047,3.2026,16.3984,7.4622,31.8721,0.4808,0.4807,0.4808,0.3051,0.3042,0.3058,2000.0,2000.0,2000.0,1779.0,1774.0,1786.0,5792.0,5317.0,6075.0,20079.3333,20060.0,20094.0,3576.6667,3565.0,3588.0,17243.6667,17049,17587,42818.0,42092,44037,28347.6667,26894,29117,5.6667,5,6,0.3333,0,1
grid_a80_p10,180,3,0.8,0.1,8,14345774.3333,14344057,14346897,1455982.0,1455982,1455982,145573.0,145573,145573,10439990.0,10439990,10439990,2304229.3333,2302512,2305352,236170.6667,234749,237112,0.0,0,0,14869603.6667,14866945,14871620,12768223.0,12766141,12769709,880992.0,865198,888946,14.4953,14.365,14.7552,1.4737,1.3462,1.5897,1.9094,1.8846,1.9433,0.4819,0.4791,0.4838,0.3393,0.3158,0.354,,,,,,,,,,,,,,,,10092.0,9937,10348,21136.6667,20620,22147,13508.6667,12272,14193,2.6667,2,3,0.3333,0,1
grid_a80_p10,365,3,0.8,0.1,8,18362707.6667,18359017,18366521,2956800.0,2956800,2956800,295628.0,295628,295628,10439997.0,10439997,10439997,4670282.6667,4666592,4674096,469687.6667,467639,471718,4060.0,4060,4060,18648960.0,18643239,18652755,15120148.6667,15113699,15125098,1754368.6667,1740014,1771883,8.619,8.5342,8.686,2.4424,2.047,3.2026,16.3984,7.4622,31.8721,0.4808,0.4807,0.4808,0.3051,0.3042,0.3058,2000.0,2000.0,2000.0,1779.0,1774.0,1786.0,5792.0,5317.0,6075.0,20079.3333,20060.0,20094.0,3576.6667,3565.0,3588.0,17243.6667,17049,17587,42818.0,42092,44037,28347.6667,26894,29117,5.6667,5,6,0.3333,0,1
grid_a80_p30,180,3,0.8,0.3,8,14637022.3333,14635305,14638145,1455982.0,1455982,1455982,436821.0,436821,436821,10439990.0,10439990,10439990,2304229.3333,2302512,2305352,236170.6667,234749,237112,0.0,0,0,15160851.6667,15158193,15162868,12829024.3333,12826457,12830641,880992.0,865198,888946,14.5643,14.4335,14.8249,1.4737,1.3462,1.5897,1.9094,1.8846,1.9433,0.4819,0.4791,0.4838,0.3393,0.3158,0.354,,,,,,,,,,,,,,,,10092.0,9937,10348,21136.6667,20620,22147,13508.6667,12272,14193,2.6667,2,3,0.3333,0,1
grid_a80_p30,365,3,0.8,0.3,8,18954171.6667,18950481,18957985,2956800.0,2956800,2956800,887092.0,887092,887092,10439997.0,10439997,10439997,4670282.6667,4666592,4674096,469687.6667,467639,471718,4060.0,4060,4060,19240424.0,19234703,19244219,15244551.3333,15237359,15250310,1754368.6667,1740014,1771883,8.6899,8.6044,8.757,2.4424,2.047,3.2026,16.3984,7.4622,31.8721,0.4808,0.4807,0.4808,0.3051,0.3042,0.3058,2000.0,2000.0,2000.0,1779.0,1774.0,1786.0,5792.0,5317.0,6075.0,20079.3333,20060.0,20094.0,3576.6667,3565.0,3588.0,17243.6667,17049,17587,42818.0,42092,44037,28347.6667,26894,29117,5.6667,5,6,0.3333,0,1
grid_a80_p60,180,3,0.8,0.6,8,15073790.3333,15072073,15074913,1455982.0,1455982,1455982,873589.0,873589,873589,10439990.0,10439990,10439990,2304229.3333,2302512,2305352,236170.6667,234749,237112,0.0,0,0,15597619.6667,15594961,15599636,12920124.3333,12917405,12921605,880992.0,865198,888946,14.6678,14.5359,14.93,1.4737,1.3462,1.5897,1.9094,1.8846,1.9433,0.4819,0.4791,0.4838,0.3393,0.3158,0.354,,,,,,,,,,,,,,,,10092.0,9937,10348,21136.6667,20620,22147,13508.6667,12272,14193,2.6667,2,3,0.3333,0,1
grid_a80_p60,365,3,0.8,0.6,8,19841159.6667,19837469,19844973,2956800.0,2956800,2956800,1774080.0,1774080,1774080,10439997.0,10439997,10439997,4670282.6667,4666592,4674096,469687.6667,467639,471718,4060.0,4060,4060,20127412.0,20121691,20131207,15430943.3333,15423651,15437314,1754368.6667,1740014,1771883,8.7962,8.7093,8.8641,2.4424,2.047,3.2026,16.3984,7.4622,31.8721,0.4808,0.4807,0.4808,0.3051,0.3042,0.3058,2000.0,2000.0,2000.0,1779.0,1774.0,1786.0,5792.0,5317.0,6075.0,20079.3333,20060.0,20094.0,3576.6667,3565.0,3588.0,17243.6667,17049,17587,42818.0,42092,44037,28347.6667,26894,29117,5.6667,5,6,0.3333,0,1
control_events_off,180,3,0.5,0.3,8,12027051.3333,12024918,12028454,1454237.0,1454237,1454237,436270.0,436270,436270,8696259.0,8696259,8696259,1440285.3333,1438152,1441688,147500.6667,147227,148008,0.0,0,0,12639550.6667,12637651,12640555,10836684.0,10836281,10836904,569443.3333,562288,575278,19.032,18.8366,19.2729,1.0028,0.9981,1.0052,1.1594,1.1567,1.1611,0.9633,0.9541,0.978,0.5833,0.5672,0.6154,,,,,,,,,,,,,,,,12.0,0,36,11703.0,11648,11762,3788.3333,3578,4021,0.0,0,0,0.0,0,0
control_events_off,365,3,0.5,0.3,8,17179553.3333,17174956,17184380,2939780.0,2939780,2939780,881933.0,881933,881933,10439987.0,10439987,10439987,2917853.3333,2913256,2922680,291159.3333,290479,292067,0.0,0,0,17648394.0,17644024,17652313,14781949.3333,14781676,14782087,1057959.3333,1050256,1065631,13.9726,13.8713,14.0747,1.0028,0.9981,1.0052,1.1594,1.1567,1.1611,0.9769,0.9716,0.9851,0.5833,0.5672,0.6154,1300.0,1300.0,1300.0,1180.0,1180.0,1180.0,6000.3333,5990.0,6018.0,25457.6667,25305.0,25707.0,0.0,0.0,0.0,111.3333,39,200,27389.0,27211,27486,6760.3333,6623,6962,0.0,0,0,0.0,0,0
repeat_high,180,3,0.5,0.3,40,17788192.6667,17777526,17795206,1454237.0,1454237,1454237,436270.0,436270,436270,8696259.0,8696259,8696259,7201426.6667,7190760,7208440,152995.6667,151556,154368,0.0,0,0,18395197.0,18384463,18400838,16606891.6667,16598700,16614511,630678.6667,622044,640934,26.3358,25.9113,26.7095,0.925,0.9084,0.9351,1.5757,1.5657,1.5894,0.8384,0.7775,0.9047,0.5041,0.4719,0.5287,,,,,,,,,,,,,,,,1661.3333,1028,2313,10536.0,10433,10673,5546.6667,4772,6166,3.0,3,3,0.0,0,0
repeat_high,365,3,0.5,0.3,40,28850966.6667,28827980,28875100,2939780.0,2939780,2939780,881933.0,881933,881933,10439987.0,10439987,10439987,14589266.6667,14566280,14613400,296874.0,294271,299554,4060.0,4060,4060,29310032.6667,29287123,29331486,26433094.6667,26416022,26443116,1256521.6667,1245007,1275868,21.0392,20.7256,21.2369,1.8869,1.8407,1.9492,4.1001,3.9917,4.2563,0.7328,0.687,0.7854,0.3705,0.3558,0.3857,2000.0,2000.0,2000.0,1820.0,1820.0,1820.0,5975.3333,5929.0,6002.0,20315.0,19076.0,21787.0,1322.3333,1320.0,1326.0,5024.6667,4338,5545,25197.0,25163,25246,9777.6667,7660,12531,5.0,5,5,1.0,1,1
hoarding,180,3,0.5,0.3,8,12027051.3333,12024918,12028454,1454237.0,1454237,1454237,436270.0,436270,436270,8696259.0,8696259,8696259,1440285.3333,1438152,1441688,148478.3333,148164,148707,0.0,0,0,12638573.0,12636354,12639747,10865105.6667,10864875,10865407,590446.3333,588971,591456,18.4016,18.3697,18.4481,1.0014,0.997,1.0097,1.5757,1.5657,1.5894,0.6406,0.6306,0.6557,0.3385,0.3099,0.3676,,,,,,,,,,,,,,,,1160.6667,1126,1207,2757.6667,2661,2826,6805.3333,6702,6974,3.0,3,3,0.0,0,0
hoarding,365,3,0.5,0.3,8,17179553.3333,17174956,17184380,2939780.0,2939780,2939780,881933.0,881933,881933,10439987.0,10439987,10439987,2917853.3333,2913256,2922680,288708.3333,288134,289183,4060.0,4060,4060,17646785.0,17642088,17651137,14798793.0,14796760,14799913,1202777.3333,1196447,1207969,12.304,12.2493,12.3697,1.4101,1.3703,1.4596,2.4553,2.2544,2.7819,0.5581,0.5535,0.5636,0.3083,0.3034,0.3166,2000.0,2000.0,2000.0,1820.0,1820.0,1820.0,6115.6667,6068.0,6142.0,14663.3333,14506.0,14834.0,2239.6667,2212.0,2259.0,7448.6667,7262,7654,16431.3333,16318,16514,12853.3333,12494,13089,6.0,6,6,0.0,0,0
potion_shortage,180,3,0.5,0.3,8,12027051.3333,12024918,12028454,1454237.0,1454237,1454237,436270.0,436270,436270,8696259.0,8696259,8696259,1440285.3333,1438152,1441688,63358.3333,62977,63694,0.0,0,0,12723693.0,12721514,12724805,10969842.0,10969102,10970529,616714.3333,615722,618139,17.7876,17.7454,17.8163,1.2179,1.1907,1.2402,1.5988,1.5753,1.6382,0.41,0.3959,0.4245,0.0817,0.0,0.1509,,,,,,,,,,,,,,,,23.0,0,51,1579.3333,1457,1660,1895.6667,1691,2022,2.0,2,2,1.0,1,1
potion_shortage,365,3,0.5,0.3,8,17179553.3333,17174956,17184380,2939780.0,2939780,2939780,881933.0,881933,881933,10439987.0,10439987,10439987,2917853.3333,2913256,2922680,112820.0,112482,113118,4060.0,4060,4060,17822673.3333,17817778,17827460,15017356.0,15015570,15020114,1085099.3333,1079452,1088461,13.8398,13.7952,13.9146,1.8324,1.801,1.8591,2.4285,2.3043,2.5981,0.4171,0.4142,0.4203,0.0817,0.0,0.1509,1907.0,1906.0,1909.0,1782.3333,1780.0,1786.0,5946.3333,5903.0,5968.0,8303.6667,8281.0,8323.0,1611.3333,1562.0,1662.0,36.0,0,108,4964.0,4826,5152,46.0,1,100,5.0,5,5,1.0,1,1
potion_glut,180,3,0.5,0.3,8,12027051.3333,12024918,12028454,1454237.0,1454237,1454237,436270.0,436270,436270,8696259.0,8696259,8696259,1440285.3333,1438152,1441688,287065.3333,286998,287165,0.0,0,0,12499986.0,12497920,12501289,10722113.6667,10721396,10722531,570616.6667,569075,573328,18.7906,18.7021,18.842,1.0364,1.0337,1.0406,1.4664,1.4492,1.4909,1.0,1.0,1.0,1.0,1.0,1.0,,,,,,,,,,,,,,,,16789.6667,16553,17169,28815.6667,27175,31432,23690.0,21046,25074,3.0,3,3,0.0,0,0
potion_glut,365,3,0.5,0.3,8,17179553.3333,17174956,17184380,2939780.0,2939780,2939780,881933.0,881933,881933,10439987.0,10439987,10439987,2917853.3333,2913256,2922680,579625.0,579112,580357,4060.0,4060,4060,17355868.3333,17351784,17359963,14474003.0,14471328,14476523,1154881.6667,1151455,1158905,12.533,12.4871,12.5703,2.0385,1.8754,2.2696,11.6525,8.9823,14.079,1.0,1.0,1.0,1.0,1.0,1.0,2000.0,2000.0,2000.0,1820.0,1820.0,1820.0,6105.0,5980.0,6265.0,21119.3333,21099.0,21157.0,3932.3333,3926.0,3943.0,30893.6667,30637,31401,49671.0,48545,51698,56712.0,54954,57666,6.0,6,6,0.0,0,0
event_overlap_fail,180,3,0.5,0.3,8,12027051.3333,12024918,12028454,1454237.0,1454237,1454237,436270.0,436270,436270,8696259.0,8696259,8696259,1440285.3333,1438152,1441688,45890.3333,45109,46366,0.0,0,0,12741161.0,12738722,12742673,11023952.0,11023879,11024074,524358.3333,518441,528958,21.0252,20.8408,21.2639,3.1078,3.0602,3.142,7.0235,6.5215,7.4354,0.1816,0.1776,0.1847,0.0,0.0,0.0,,,,,,,,,,,,,,,,705.3333,686,717,1336.6667,1242,1465,910.0,898,928,0.6667,0,2,3.3333,2,4
event_overlap_fail,365,3,0.5,0.3,8,17179553.3333,17174956,17184380,2939780.0,2939780,2939780,881933.0,881933,881933,10439987.0,10439987,10439987,2917853.3333,2913256,2922680,75143.6667,73959,76021,4060.0,4060,4060,17860349.6667,17855445,17864299,15092314.3333,15091121,15093137,928310.3333,916487,938427,16.2594,16.0834,16.4663,1.3334,1.329,1.3409,7.0235,6.5215,7.4354,0.1943,0.1898,0.2008,0.0,0.0,0.0,1903.0,1901.0,1904.0,1784.6667,1783.0,1786.0,6052.3333,5953.0,6249.0,3956.3333,3809.0,4141.0,421.3333,413.0,426.0,1752.3333,1617,1862,4562.0,4408,4661,1174.3333,1017,1286,2.6667,2,4,3.3333,2,4
